,iter,perp
0,0.0,27.35702367613553
1,1.0,26.5732572392853
2,2.0,26.217959880470286
3,3.0,26.03992994161686
4,4.0,25.88435792498413
5,5.0,25.75102849669652
