,topic,prob
0,0,0.2644629811144651
1,1,0.0019802005097436905
2,2,0.7295964123405883
3,3,0.0019801988633146883
4,4,0.001980207171888238
