,topic,prob
0,0,0.9524130135569225
1,1,0.011883117383028592
2,2,0.03173808113684275
3,3,0.001980198451286056
4,4,0.001985589471920047
