,topic,prob
0,0,0.001980231043435346
1,1,0.0019801982963242666
2,2,0.0019801985541532674
3,3,0.0019818785320041836
4,4,0.992077493574083
