,topic,prob
0,0,0.22815598571483245
1,1,0.29853536103483375
2,2,0.46934825230035637
3,3,0.0019801985690589283
4,4,0.0019802023809184794
