,topic,prob
0,0,0.0019807440285117854
1,1,0.001980198688899596
2,2,0.4128128284913997
3,3,0.001980199056920058
4,4,0.5812460297342689
