,topic,prob
0,0,0.002032313523925703
1,1,0.001980198284098132
2,2,0.001980198474577777
3,3,0.001980198427207747
4,4,0.9920270912901907
