,topic,prob
0,0,0.5047378280442749
1,1,0.0019801984781975244
2,2,0.1208314462497282
3,3,0.37047031487291243
4,4,0.00198021235488707
