,topic,prob
0,0,0.001980198754758322
1,1,0.0019801989334032395
2,2,0.0019801991565439464
3,3,0.713729498208852
4,4,0.2803299049464425
