,topic,prob
0,0,0.0019801982745919957
1,1,0.001997984304556404
2,2,0.9920613736720111
3,3,0.0019802449050315913
4,4,0.00198019884380905
