,topic,prob
0,0,0.001980198645830528
1,1,0.0019801982151242178
2,2,0.19009617452492655
3,3,0.8039632165910868
4,4,0.0019802120230319876
