,topic,prob
0,0,0.0019802028184456337
1,1,0.001980235825381579
2,2,0.001980200185849847
3,3,0.3917458420663093
4,4,0.6023135191040137
