,topic,prob
0,0,0.0019801981501493663
1,1,0.001980214698341222
2,2,0.0019801982188238664
3,3,0.992079190789025
4,4,0.0019801981436605703
