,topic,prob
0,0,0.0019810725709559908
1,1,0.0019801984750341542
2,2,0.022056406556233876
3,3,0.001980199932964651
4,4,0.9720021224648113
