,topic,prob
0,0,0.001980198330225655
1,1,0.002014815353697231
2,2,0.001980198958940479
3,3,0.03836751928102274
4,4,0.9556572680761138
