,topic,prob
0,0,0.001980198554294045
1,1,0.001980236100075957
2,2,0.9920791680656519
3,3,0.0019801987481318775
4,4,0.0019801985318462626
