,topic,prob
0,0,0.0019802121150293713
1,1,0.0019801981690694367
2,2,0.001980198194202818
3,3,0.9920791933947252
4,4,0.001980198126973205
