,topic,prob
0,0,0.0019801992331780907
1,1,0.001980198161425883
2,2,0.992078640404998
3,3,0.0019807638884315314
4,4,0.0019801983119663805
