,topic,prob
0,0,0.6828568726933997
1,1,0.001980200522543038
2,2,0.3112025206983618
3,3,0.0019801988657545655
4,4,0.001980207219941088
