,topic,prob
0,0,0.001980198278055733
1,1,0.99207920686017
2,2,0.001980198372928002
3,3,0.001980198284170938
4,4,0.001980198204675402
