,topic,prob
0,0,0.0019801997976482267
1,1,0.021787128682350713
2,2,0.001980198136350966
3,3,0.001980198155826087
4,4,0.9722722752278241
