,topic,prob
0,0,0.6026738270587317
1,1,0.001980210814127966
2,2,0.0019801984481738004
3,3,0.0019801984189244536
4,4,0.3913855652600421
