,topic,prob
0,0,0.9920792004999655
1,1,0.0019801994936922912
2,2,0.001980200369598613
3,3,0.00198020014182255
4,4,0.001980199494921114
