,topic,prob
0,0,0.001980217920103729
1,1,0.0019802043864276366
2,2,0.0019801989399230915
3,3,0.8668734547481035
4,4,0.127185924005442
