,topic,prob
0,0,0.992077306998469
1,1,0.0019801981595967385
2,2,0.0019802055425543956
3,3,0.001982087466285632
4,4,0.0019802018330941943
