,topic,prob
0,0,0.0019804644491486696
1,1,0.0019801991429588984
2,2,0.0019801999357051854
3,3,0.001980199727772131
4,4,0.9920789367444152
