,topic,prob
0,0,0.28222656970338184
1,1,0.0019801983246471953
2,2,0.00198074146195202
3,3,0.0019802462085074125
4,4,0.7118322443015116
