,topic,prob
0,0,0.0019801982686419306
1,1,0.35969349544513923
2,2,0.001980641981719199
3,3,0.001980255402645945
4,4,0.6343654089018537
