,topic,prob
0,0,0.4969304868992925
1,1,0.0019801987681442807
2,2,0.0019802022948301836
3,3,0.4971289133400864
4,4,0.0019801986976466747
