,topic,prob
0,0,0.0019801982007239274
1,1,0.9920557036176422
2,2,0.001981041274438774
3,3,0.0019802223458376482
4,4,0.002002834561357475
