,topic,prob
0,0,0.674209559512092
1,1,0.001980242158555594
2,2,0.319849801763127
3,3,0.001980198392747278
4,4,0.001980198173477909
