,topic,prob
0,0,0.001980199738292696
1,1,0.0019802002839855565
2,2,0.31775448438886833
3,3,0.41833117327303565
4,4,0.25995394231581775
