,topic,prob
0,0,0.0019801980654266986
1,1,0.9920792077076119
2,2,0.001980198084958761
3,3,0.0019801980775702006
4,4,0.0019801980644322905
