,topic,prob
0,0,0.0019801983622969254
1,1,0.7439449046070413
2,2,0.00198137141646958
3,3,0.2500936329194413
4,4,0.001999892694750696
