,topic,prob
0,0,0.001980198344281593
1,1,0.0019801983126583617
2,2,0.0019801985196077074
3,3,0.001980198461147017
4,4,0.9920792063623053
