,topic,prob
0,0,0.0019801981234758223
1,1,0.992079207425755
2,2,0.001980198175996054
3,3,0.001980198157405758
4,4,0.001980198117367442
