,topic,prob
0,0,0.4787940016505358
1,1,0.001980198445693752
2,2,0.5047383136933028
3,3,0.01250728093312793
4,4,0.001980205277339672
