,topic,prob
0,0,0.001980200330802386
1,1,0.0019801981079676156
2,2,0.001980198171040729
3,3,0.0019804562914622023
4,4,0.9920789470987271
