,topic,prob
0,0,0.0019802009546913916
1,1,0.001980202537710485
2,2,0.0019802000919834774
3,3,0.54517469139506
4,4,0.4488847050205545
