,topic,prob
0,0,0.24884215629146522
1,1,0.7452172034555712
2,2,0.00198024240983673
3,3,0.001980199083039483
4,4,0.001980198760087392
