,topic,prob
0,0,0.5582567162104198
1,1,0.0019801982594188266
2,2,0.0019802162361136325
3,3,0.4358026710135596
4,4,0.0019801982804882414
