,topic,prob
0,0,0.8831378750577641
1,1,0.0019801982387562655
2,2,0.0019801983902331334
3,3,0.001980198353538225
4,4,0.11092152995970835
