,topic,prob
0,0,0.9920790623164324
1,1,0.001980225345520386
2,2,0.001980315058171295
3,3,0.001980198187085549
4,4,0.001980199092790339
