,topic,prob
0,0,0.0019808277302530816
1,1,0.13089038942507517
2,2,0.001980199102155558
3,3,0.5760370742084082
4,4,0.2891115095341081
