,topic,prob
0,0,0.8688983946083753
1,1,0.001980200785673381
2,2,0.07495138645994502
3,3,0.05218964433823513
4,4,0.0019803738077712714
