,topic,prob
0,0,0.1999987967894847
1,1,0.5665372349199955
2,2,0.001980198461338128
3,3,0.001980198442501287
4,4,0.2295035713866803
