,topic,prob
0,0,0.001980198582779189
1,1,0.001980198101535674
2,2,0.001980198166451029
3,3,0.9920792070427059
4,4,0.001980198106528143
