,topic,prob
0,0,0.001980329457283989
1,1,0.0019801983734139463
2,2,0.9920789420872601
3,3,0.0019801989699843856
4,4,0.001980331112057519
