,topic,prob
0,0,0.0019809037518268586
1,1,0.0019801982891119686
2,2,0.0019801985667361865
3,3,0.10281078523590843
4,4,0.8912479141564166
