,topic,prob
0,0,0.0019801983513832153
1,1,0.001980198733897533
2,2,0.992079206102187
3,3,0.0019801984723128046
4,4,0.0019801983402193703
