,topic,prob
0,0,0.22932306971751884
1,1,0.7055891204365152
2,2,0.001980315804614793
3,3,0.0019801983508531376
4,4,0.06112729569049805
