,topic,prob
0,0,0.2689102773590074
1,1,0.7251490095698181
2,2,0.001980315584626816
3,3,0.00198019830329104
4,4,0.001980199183256639
