,topic,prob
0,0,0.9712581079515406
1,1,0.0019802242975087286
2,2,0.022801269676295078
3,3,0.001980198704059252
4,4,0.0019801993705964357
