,topic,prob
0,0,0.0019801994492015204
1,1,0.0019801981072874253
2,2,0.0019801981706207795
3,3,0.9920792061625697
4,4,0.0019801981103205264
