,topic,prob
0,0,0.07661719959639933
1,1,0.0019801984830260092
2,2,0.001980198341622225
3,3,0.0019801983151592293
4,4,0.9174422052637932
