,topic,prob
0,0,0.001980202347661682
1,1,0.0019801983208750534
2,2,0.001980199982100366
3,3,0.002035778783175824
4,4,0.9920236205661871
