,topic,prob
0,0,0.001980198062529698
1,1,0.992079207727259
2,2,0.0019801980766952906
3,3,0.0019801980703315148
4,4,0.001980198063184647
