,topic,prob
0,0,0.0019802728004231517
1,1,0.0019801985239350046
2,2,0.5663199144909503
3,3,0.0019807384887960524
4,4,0.4277388756958954
