,topic,prob
0,0,0.06003325767236951
1,1,0.0019802012292507868
2,2,0.0019801985715406983
3,3,0.9340251171129033
4,4,0.001981225413935643
