,topic,prob
0,0,0.13600392962407526
1,1,0.001980201380026314
2,2,0.0019801988086013246
3,3,0.7757653604627944
4,4,0.08427030972450267
