,topic,prob
0,0,0.0019839754339864473
1,1,0.0019801981384191683
2,2,0.0019801982161648055
3,3,0.001980198204299809
4,4,0.9920754300071297
