,topic,prob
0,0,0.9920791400774444
1,1,0.001980198137213585
2,2,0.0019801982250114564
3,3,0.0019802280645501574
4,4,0.0019802354957804444
