,topic,prob
0,0,0.0019801998047518994
1,1,0.3387279466407102
2,2,0.001980198159111936
3,3,0.0019801981757264016
4,4,0.6553314572196995
