,topic,prob
0,0,0.001980198417551274
1,1,0.2875085820510355
2,2,0.0019806756082769504
3,3,0.7064809064877591
4,4,0.002049637435377224
