,topic,prob
0,0,0.2531389172077043
1,1,0.001980198588656261
2,2,0.14227142126742928
3,3,0.0019802605455039894
4,4,0.6006292023907062
