,topic,prob
0,0,0.7970711911093105
1,1,0.001980200571291858
2,2,0.19698792101123788
3,3,0.0019804796227085425
4,4,0.001980207685451252
