,topic,prob
0,0,0.025747700492602894
1,1,0.0019801982896000044
2,2,0.001980218505238972
3,3,0.9683116844032635
4,4,0.001980198309294527
