,topic,prob
0,0,0.0019803656687404515
1,1,0.0019801981686597228
2,2,0.9920790301546059
3,3,0.001980198772242489
4,4,0.0019802072357515614
