,topic,prob
0,0,0.9920791339685405
1,1,0.0019801981335590474
2,2,0.001980198216819579
3,3,0.001980198198242325
4,4,0.0019802714828383943
