,topic,prob
0,0,0.8460169425941346
1,1,0.001980198932094737
2,2,0.14803946305902554
3,3,0.0019804297882070818
4,4,0.0019829656265378626
