,topic,prob
0,0,0.8633718516214307
1,1,0.001980198707967864
2,2,0.0019801985637567985
3,3,0.0019801985034965013
4,4,0.1306875526033481
