,topic,prob
0,0,0.0019801983932574772
1,1,0.0019802712106110655
2,2,0.9920791334900705
3,3,0.001980198528586069
4,4,0.001980198377474824
