,topic,prob
0,0,0.6373858763663676
1,1,0.001980198258049159
2,2,0.0019801984304134413
3,3,0.00198019837868195
4,4,0.35667352856648804
