,topic,prob
0,0,0.2404823086112696
1,1,0.2759391164241946
2,2,0.429263917197424
3,3,0.05233428416769591
4,4,0.00198037359941587
