,topic,prob
0,0,0.3508105731252238
1,1,0.0019802013349047077
2,2,0.001980198796007976
3,3,0.3173328912737662
4,4,0.3278961354700973
