,topic,prob
0,0,0.2492315898468852
1,1,0.0019801983016980635
2,2,0.7448233313888784
3,3,0.0019846685091317712
4,4,0.001980211953406675
