,topic,prob
0,0,0.001980198650023079
1,1,0.9524672273542929
2,2,0.001980199300784065
3,3,0.04158848022512328
4,4,0.0019838944697767764
