,topic,prob
0,0,0.00198020043327067
1,1,0.0019801981140921176
2,2,0.0019801981765155802
3,3,0.9920792051611331
4,4,0.0019801981149884856
