,topic,prob
0,0,0.0019802027809669737
1,1,0.0019801983966604587
2,2,0.9920792018164076
3,3,0.001980198588003166
4,4,0.001980198417961812
