,topic,prob
0,0,0.0019802037245894946
1,1,0.18989235327611378
2,2,0.0019802004483229735
3,3,0.02224357402185704
4,4,0.7839036685291166
