,topic,prob
0,0,0.6216271454322139
1,1,0.0019801983347894976
2,2,0.0019801982937422053
3,3,0.3724321014989292
4,4,0.001980356440325379
