,topic,prob
0,0,0.8620961139909594
1,1,0.001980198354169448
2,2,0.0019801982947004176
3,3,0.13196313045010777
4,4,0.0019803589100628543
