,topic,prob
0,0,0.7643447759040112
1,1,0.0019801985523287837
2,2,0.0019804209505250793
3,3,0.0019801988103298573
4,4,0.22971440578280516
