,topic,prob
0,0,0.46860092091141237
1,1,0.2735345165433381
2,2,0.20112687164319298
3,3,0.0019801989636986346
4,4,0.05475749193835793
