,topic,prob
0,0,0.0019805393277281154
1,1,0.787953239902462
2,2,0.20610567218659243
3,3,0.0019803409324251
4,4,0.0019802076507923123
