,topic,prob
0,0,0.0019801980593922674
1,1,0.9920792077485274
2,2,0.001980198067751202
3,3,0.0019801980624957545
4,4,0.0019801980618332155
