,topic,prob
0,0,0.2967104906641633
1,1,0.0019802419444465012
2,2,0.697348870823896
3,3,0.0019801983938485083
4,4,0.001980198173645894
