,topic,prob
0,0,0.9920466430966008
1,1,0.001980209647089181
2,2,0.001980330187645274
3,3,0.0019801983197009006
4,4,0.0020126187489639407
