,topic,prob
0,0,0.0019802007193665716
1,1,0.0019801983347981157
2,2,0.0019802000785456384
3,3,0.7874603381516452
4,4,0.20659906271564454
