,topic,prob
0,0,0.8315721747255974
1,1,0.0019801984237936927
2,2,0.0019801985949678565
3,3,0.1624835785589953
4,4,0.0019838496966456897
