,topic,prob
0,0,0.001980199469703932
1,1,0.0019802115870502348
2,2,0.0019801981230837995
3,3,0.0019801981375657117
4,4,0.9920791926825963
