,topic,prob
0,0,0.001980198603689373
1,1,0.0019801993084158608
2,2,0.34783331214116936
3,3,0.001981289279693704
4,4,0.6462250006670317
