,topic,prob
0,0,0.6436902820206907
1,1,0.0019802005764035817
2,2,0.35036911136391113
3,3,0.001980198852564538
4,4,0.0019802071864299855
