,topic,prob
0,0,0.09512573160170422
1,1,0.28415327518250544
2,2,0.0019806415967054953
3,3,0.38379173431344504
4,4,0.23494861730563973
