,topic,prob
0,0,0.0019801982574064285
1,1,0.0019802066042275256
2,2,0.0019801982715940167
3,3,0.9920791986892791
4,4,0.0019801981774929217
