,topic,prob
0,0,0.05147642509595762
1,1,0.7349151360436886
2,2,0.0019801984728059696
3,3,0.001980198452666828
4,4,0.2096480419348811
