,topic,prob
0,0,0.12327772058789341
1,1,0.0019802015335268963
2,2,0.001980198596535615
3,3,0.8707816801171278
4,4,0.0019801991649163893
