,topic,prob
0,0,0.7841358504265505
1,1,0.00198019886194597
2,2,0.20992352615474938
3,3,0.00198022566676345
4,4,0.001980198889990716
