,topic,prob
0,0,0.5141113811486467
1,1,0.001980198239907426
2,2,0.47994800900826773
3,3,0.0019801983536867373
4,4,0.0019802132494912508
