,topic,prob
0,0,0.1059770525197364
1,1,0.0019801984152400753
2,2,0.8880788872203669
3,3,0.001980761286078191
4,4,0.0019831005585783604
