,topic,prob
0,0,0.0019804050275987503
1,1,0.0019801981160707726
2,2,0.001980198213412281
3,3,0.001980260390592419
4,4,0.9920789382523258
