,topic,prob
0,0,0.0019801988313512446
1,1,0.001980229868405699
2,2,0.5168297322604124
3,3,0.0019805395946897557
4,4,0.477229299445141
