,topic,prob
0,0,0.001980200358814603
1,1,0.0019802379976324625
2,2,0.9920791648134999
3,3,0.0019801984841009723
4,4,0.001980198345952156
