,topic,prob
0,0,0.9834001244590242
1,1,0.010659232013351769
2,2,0.0019802191875736646
3,3,0.0019802255180284864
4,4,0.001980198822021816
