,topic,prob
0,0,0.001980199756015412
1,1,0.0019802151603692244
2,2,0.001980198092897186
3,3,0.0019801981169559686
4,4,0.9920791888737622
