,topic,prob
0,0,0.9920778372353216
1,1,0.0019801987843841803
2,2,0.0019802018073871016
3,3,0.0019815632036160307
4,4,0.001980198969290992
