,topic,prob
0,0,0.001980214700003176
1,1,0.028303034840381963
2,2,0.028658903314990786
3,3,0.9291762807664761
4,4,0.011881566378148006
