,topic,prob
0,0,0.9920791436129369
1,1,0.0019801981393765106
2,2,0.001980198229859773
3,3,0.0019802457614916695
4,4,0.001980214256335142
