,topic,prob
0,0,0.001980206766747932
1,1,0.001980233912536565
2,2,0.9920791630376454
3,3,0.0019801981338747514
4,4,0.0019801981491952576
