,topic,prob
0,0,0.19570882377594737
1,1,0.0019802013371124417
2,2,0.28910845975108634
3,3,0.5112223022528259
4,4,0.0019802128830280013
