,topic,prob
0,0,0.0019802028871380426
1,1,0.001980235369132767
2,2,0.001980200269083711
3,3,0.06104292265082342
4,4,0.933016438823822
