,topic,prob
0,0,0.8927859299360654
1,1,0.001980243933193243
2,2,0.1012274962716829
3,3,0.001981034543615776
4,4,0.002025295315442695
