,topic,prob
0,0,0.8767911154392666
1,1,0.0019802005618098015
2,2,0.11726827775682927
3,3,0.001980198876422997
4,4,0.0019802073656714275
