,topic,prob
0,0,0.001980199407409601
1,1,0.0019801982859570483
2,2,0.08059684371937105
3,3,0.913462560121584
4,4,0.001980198465678262
