,topic,prob
0,0,0.0019801984751203097
1,1,0.0019801982408763977
2,2,0.5564526034113549
3,3,0.43760675780060837
4,4,0.001980242072039968
