,topic,prob
0,0,0.0019802017410396238
1,1,0.001980198333408205
2,2,0.00198020008040518
3,3,0.5349437938279549
4,4,0.4591156060171921
