,topic,prob
0,0,0.001980198167693346
1,1,0.9920792072145026
2,2,0.001980198243047402
3,3,0.0019801982161575197
4,4,0.0019801981585991515
