,topic,prob
0,0,0.0019801984180370514
1,1,0.9920786978854625
2,2,0.001980706729420998
3,3,0.0019801985650171397
4,4,0.0019801984020623377
