,topic,prob
0,0,0.0019801998060821812
1,1,0.6754787343108901
2,2,0.001980198139532951
3,3,0.0019801981587208957
4,4,0.3185806695847738
