,topic,prob
0,0,0.6554680913967716
1,1,0.0019802307969299616
2,2,0.0019802641582479952
3,3,0.12078763869180227
4,4,0.2197837749562481
