,topic,prob
0,0,0.001980339484991826
1,1,0.0019801985548996235
2,2,0.6455532914533078
3,3,0.001980818559443426
4,4,0.3485053519473574
