,topic,prob
0,0,0.0019802004841287537
1,1,0.001980464841662689
2,2,0.0019801989718848355
3,3,0.001983690258713903
4,4,0.9920754454436097
