,topic,prob
0,0,0.9920787104570512
1,1,0.0019801982289192463
2,2,0.0019801981587076354
3,3,0.001980694232900302
4,4,0.0019801989224216363
