,topic,prob
0,0,0.0019809027394930958
1,1,0.0019801983874018717
2,2,0.2295523506855409
3,3,0.21379506542934149
4,4,0.5526914827582227
