,topic,prob
0,0,0.0019801980946083596
1,1,0.9920792075642828
2,2,0.0019801981318151637
3,3,0.0019801981186686776
4,4,0.0019801980906250156
