,topic,prob
0,0,0.0019802444608918042
1,1,0.6059316656937127
2,2,0.38812769206809095
3,3,0.0019801990058733597
4,4,0.0019801987714310842
