,topic,prob
0,0,0.0019801991777353245
1,1,0.001980198105410269
2,2,0.0019801981689946276
3,3,0.9920792064388271
4,4,0.0019801981090328134
