,topic,prob
0,0,0.001980378831810359
1,1,0.0019801988892490033
2,2,0.001980199502996241
3,3,0.001980199340736794
4,4,0.9920790234352077
