,topic,prob
0,0,0.0019801986079050773
1,1,0.001980206469953766
2,2,0.0019801982698017056
3,3,0.001980199343253448
4,4,0.9920791973090861
