,topic,prob
0,0,0.3920597280830233
1,1,0.0019802008329544664
2,2,0.0019802461740078916
3,3,0.12190282335622583
4,4,0.48207700155378846
