,topic,prob
0,0,0.0019801980574620528
1,1,0.9920792077616082
2,2,0.001980198062251285
3,3,0.0019801980576769273
4,4,0.001980198061001662
