,topic,prob
0,0,0.001980198690149242
1,1,0.001980199038093044
2,2,0.15047507350781625
3,3,0.8435544300252852
4,4,0.002010098738656231
