,topic,prob
0,0,0.0019801982945909734
1,1,0.9920792068168214
2,2,0.0019801983902742017
3,3,0.001980198289929888
4,4,0.0019801982083836427
