,topic,prob
0,0,0.001980198432252181
1,1,0.5317617033860628
2,2,0.462249558892573
3,3,0.001980245342333615
4,4,0.002028293946778444
