,topic,prob
0,0,0.3584095469907649
1,1,0.6356498538220862
2,2,0.001980201700871685
3,3,0.0019801988913658373
4,4,0.0019801985949114563
