,topic,prob
0,0,0.0019801983102941036
1,1,0.0019801987549750238
2,2,0.9920792062277962
3,3,0.0019801984119603134
4,4,0.0019801982949743716
