,topic,prob
0,0,0.001980200391265079
1,1,0.0019802420878788636
2,2,0.001980198272113522
3,3,0.001980204008557973
4,4,0.9920791552401845
