,topic,prob
0,0,0.001980199912745603
1,1,0.0019802262302857964
2,2,0.0019801982664091437
3,3,0.001980202760078277
4,4,0.9920791728304812
