,topic,prob
0,0,0.0182473049471926
1,1,0.00198019840979648
2,2,0.9429809165476298
3,3,0.03481136803757369
4,4,0.00198021205780728
