,topic,prob
0,0,0.0019801984241827717
1,1,0.9117215888784187
2,2,0.001980199950126871
3,3,0.08233781432886876
4,4,0.0019801984184028825
