,topic,prob
0,0,0.595045017660087
1,1,0.002212683662971807
2,2,0.16976757763442796
3,3,0.23099451112587394
4,4,0.0019802099166394203
