,topic,prob
0,0,0.0019802006189113754
1,1,0.001980289166247963
2,2,0.0019802003214497645
3,3,0.41220589254101236
4,4,0.5818534173523786
