,topic,prob
0,0,0.08102998386889208
1,1,0.71537706370539
2,2,0.05098450737126576
3,3,0.001980238081417676
4,4,0.15062820697303433
