,topic,prob
0,0,0.001980198510143512
1,1,0.11791744410090306
2,2,0.001980199451918168
3,3,0.8761419594421646
4,4,0.0019801984948706534
