,topic,prob
0,0,0.001983131984295599
1,1,0.0019802211680887043
2,2,0.9920762494764092
3,3,0.0019801988639665995
4,4,0.0019801985072400215
