,topic,prob
0,0,0.9920790218335764
1,1,0.0019802185443722684
2,2,0.0019803589013188973
3,3,0.0019801981939652166
4,4,0.0019802025267670865
