,topic,prob
0,0,0.00198019812724777
1,1,0.9920792074079889
2,2,0.001980198181546024
3,3,0.0019801981622711647
4,4,0.0019801981209461917
