,topic,prob
0,0,0.9920761174721049
1,1,0.0019801982679080996
2,2,0.0019804691768946408
3,3,0.001980198390224289
4,4,0.0019830166928681905
