,topic,prob
0,0,0.07584358145864858
1,1,0.001980201429155036
2,2,0.001980198801060123
3,3,0.7450689898494722
4,4,0.17512702846166403
