,topic,prob
0,0,0.0020042641076639927
1,1,0.0019802498229414224
2,2,0.0019801984559012307
3,3,0.001980250334070588
4,4,0.9920550372794227
