,topic,prob
0,0,0.0019802380620385805
1,1,0.0019802100762771535
2,2,0.0019801999262512296
3,3,0.4921794991367414
4,4,0.5018798527986917
