,topic,prob
0,0,0.001980199942191171
1,1,0.1307304892636859
2,2,0.0019802009786016573
3,3,0.8633287281636319
4,4,0.0019803816518892793
