,topic,prob
0,0,0.3085206815202659
1,1,0.001980198276835775
2,2,0.001980198296808963
3,3,0.6855385663405031
4,4,0.0019803555655861977
