,topic,prob
0,0,0.30795482481492786
1,1,0.31652774694662966
2,2,0.2125674139531218
3,3,0.16092101685980453
4,4,0.002028997425516049
