,topic,prob
0,0,0.0019802010156172484
1,1,0.001982124489007567
2,2,0.0019802049511123405
3,3,0.9450731527551912
4,4,0.04898431678907156
