,topic,prob
0,0,0.0019801988077438187
1,1,0.00198019877006936
2,2,0.0019808472487923916
3,3,0.0019801990801676327
4,4,0.9920785560932268
