,topic,prob
0,0,0.001980198486711522
1,1,0.8294197549620592
2,2,0.0019801992620693968
3,3,0.16463964881396206
4,4,0.00198019847519782
