,topic,prob
0,0,0.001980198061443548
1,1,0.9920792077346229
2,2,0.001980198073598318
3,3,0.0019801980676184125
4,4,0.001980198062716822
