,topic,prob
0,0,0.9920786445575236
1,1,0.0019801982374969764
2,2,0.0019804825171476407
3,3,0.0019804760457101485
4,4,0.0019801986421217775
