,topic,prob
0,0,0.03822544960420146
1,1,0.001980237392595021
2,2,0.95583391593454
3,3,0.001980198551574662
4,4,0.00198019851708896
