,topic,prob
0,0,0.9920784515555453
1,1,0.001980198148412775
2,2,0.00198020108609431
3,3,0.001980951048859232
4,4,0.0019801981610882455
