,topic,prob
0,0,0.28001102226732194
1,1,0.0019801983102616817
2,2,0.001980198520094358
3,3,0.001980333084175337
4,4,0.7140482478181466
