,topic,prob
0,0,0.0020652716352973963
1,1,0.0020163474199603754
2,2,0.9919578880169212
3,3,0.0019802919830652446
4,4,0.001980200944755732
