,topic,prob
0,0,0.0019801983613446164
1,1,0.9722287664862234
2,2,0.0019814379428505797
3,3,0.02181648558380967
4,4,0.001993111625771855
