,topic,prob
0,0,0.001980198794905708
1,1,0.06652560668671097
2,2,0.00198019956209934
3,3,0.0019802223210271534
4,4,0.9275337726352568
