,topic,prob
0,0,0.0019801983757314003
1,1,0.2332021053643155
2,2,0.001980641815073059
3,3,0.5763224669956959
4,4,0.18651458744918414
