,topic,prob
0,0,0.001980805967939613
1,1,0.9920785985005028
2,2,0.0019801984934823555
3,3,0.0019801983650487216
4,4,0.0019801986730264365
