,topic,prob
0,0,0.0019801982274340437
1,1,0.9920792070063883
2,2,0.0019801983129793714
3,3,0.0019801982627637876
4,4,0.001980198190434587
