,topic,prob
0,0,0.47705128484260556
1,1,0.0019801982374875373
2,2,0.001980198389477688
3,3,0.0019801983525424335
4,4,0.5170081201778868
