,topic,prob
0,0,0.001980198203834187
1,1,0.0019802174799111423
2,2,0.992079187536837
3,3,0.001980198255001841
4,4,0.0019801985244158253
