,topic,prob
0,0,0.7295396266803643
1,1,0.0019801984707598762
2,2,0.0019801983383900567
3,3,0.001980198312391591
4,4,0.2645197781980941
