,topic,prob
0,0,0.7049442996044255
1,1,0.0019802254947466898
2,2,0.2891056813520463
3,3,0.001980198927990516
4,4,0.001989594620791088
