,topic,prob
0,0,0.001980922795285974
1,1,0.001980198471402449
2,2,0.26582305849283794
3,3,0.0019802656669605755
4,4,0.7282355545735131
