,topic,prob
0,0,0.0019801998030752033
1,1,0.6754787424678945
2,2,0.001980198130970716
3,3,0.001980198151215137
4,4,0.3185806614468445
