,topic,prob
0,0,0.041576015234642515
1,1,0.3783501130824822
2,2,0.0019801985099839703
3,3,0.0019801984849805183
4,4,0.5761134746879107
