,topic,prob
0,0,0.4028083988488717
1,1,0.0019801987563852473
2,2,0.0019801984856561683
3,3,0.5912491716443626
4,4,0.0019820322647241175
