,topic,prob
0,0,0.030403429918925563
1,1,0.001980206874303528
2,2,0.001980405979077442
3,3,0.0020186893564219078
4,4,0.9636172678712716
