,topic,prob
0,0,0.0019802433765521545
1,1,0.992079152599844
2,2,0.001980207137566242
3,3,0.0019801985176940446
4,4,0.0019801983683434775
