,topic,prob
0,0,0.0019801982689918287
1,1,0.7576084299862741
2,2,0.001980631582889494
3,3,0.001980255852000431
4,4,0.23645048430984392
