,topic,prob
0,0,0.0019801987567570297
1,1,0.011468509788154365
2,2,0.0019801995423549853
3,3,0.9825906332154218
4,4,0.0019804586973117887
