,topic,prob
0,0,0.27163856431955474
1,1,0.21125310833063654
2,2,0.22359546080965093
3,3,0.0019809734826425687
4,4,0.2915318930575151
