,topic,prob
0,0,0.001980199093839759
1,1,0.9223134150530755
2,2,0.07174598731753633
3,3,0.0019801994859897976
4,4,0.001980199049558658
