,topic,prob
0,0,0.17321854263703
1,1,0.00198019833292519
2,2,0.0019801986184921575
3,3,0.0019801985018645402
4,4,0.8208408619096882
