,topic,prob
0,0,0.0019801986354579973
1,1,0.9920792048720366
2,2,0.00198019902214151
3,3,0.001980198863281989
4,4,0.0019801986070819024
