,topic,prob
0,0,0.001980198207932865
1,1,0.0019802419352060916
2,2,0.9920791636596439
3,3,0.0019801981125148423
4,4,0.0019801980847023314
