,topic,prob
0,0,0.45368000560650207
1,1,0.0019802446090155215
2,2,0.05163571722148515
3,3,0.0019811341713488148
4,4,0.4907228983916484
