,topic,prob
0,0,0.992077241997303
1,1,0.0019801981592823025
2,2,0.001980204476098478
3,3,0.0019817813596987753
4,4,0.0019805740076175547
