,topic,prob
0,0,0.0019801986673023057
1,1,0.0019802115306342726
2,2,0.9920791922596869
3,3,0.001980198902199354
4,4,0.0019801986401772297
