,topic,prob
0,0,0.0019801981646830036
1,1,0.0019803816491367446
2,2,0.0019801982434774815
3,3,0.9920790237836588
4,4,0.0019801981590441106
