,topic,prob
0,0,0.001980198181066194
1,1,0.9920782021774429
2,2,0.001981192426947617
3,3,0.0019802002086640046
4,4,0.001980207005879231
