,topic,prob
0,0,0.6729139547184474
1,1,0.001980198276007993
2,2,0.3211451582413596
3,3,0.001980486894475928
4,4,0.0019802018697091064
