,topic,prob
0,0,0.0019802020715552235
1,1,0.001980198105723498
2,2,0.001980198166940741
3,3,0.001980358976516119
4,4,0.9920790426792644
