,topic,prob
0,0,0.5644173609567841
1,1,0.0019802045798689456
2,2,0.051009373781722975
3,3,0.3806128614232024
4,4,0.0019801992584216215
