,topic,prob
0,0,0.7191479178063251
1,1,0.0019801984942868773
2,2,0.0019801984857624284
3,3,0.21115636194347331
4,4,0.06573532327015219
