,topic,prob
0,0,0.04902537714130941
1,1,0.0019802005115609426
2,2,0.9450340163007693
3,3,0.0019801988721619757
4,4,0.0019802071741984273
