,topic,prob
0,0,0.001980199180034119
1,1,0.49157153894080374
2,2,0.20810247573671858
3,3,0.001980287655289054
4,4,0.2963654984871544
