,topic,prob
0,0,0.6512156111382433
1,1,0.0019801983148526256
2,2,0.0019801982947926706
3,3,0.34284363580040284
4,4,0.001980356451708661
