,topic,prob
0,0,0.001980198695177343
1,1,0.0019801987789811386
2,2,0.001980204719725199
3,3,0.9920791985531299
4,4,0.0019801992529863985
