,topic,prob
0,0,0.0019801992651960697
1,1,0.001980209034856387
2,2,0.0019801981446456694
3,3,0.0019801981522869585
4,4,0.9920791954030149
