,topic,prob
0,0,0.0019802030539865334
1,1,0.9429088231403999
2,2,0.0019801985056009065
3,3,0.051150576976860276
4,4,0.0019801983231523966
