,topic,prob
0,0,0.0019802536083600966
1,1,0.0019803655136754928
2,2,0.9920789839764126
3,3,0.0019801983720342292
4,4,0.0019801985295177047
