,topic,prob
0,0,0.001998306419407425
1,1,0.001980198987991965
2,2,0.9920610943511247
3,3,0.0019802011359783484
4,4,0.0019801991054975263
