,topic,prob
0,0,0.04202523578791286
1,1,0.9520341634205491
2,2,0.001980202322627441
3,3,0.001980199233990271
4,4,0.001980199234920286
