,topic,prob
0,0,0.08103419847791059
1,1,0.0019801983926612185
2,2,0.0019803311903292473
3,3,0.5278313159600192
4,4,0.3871739559790798
