,topic,prob
0,0,0.0019801988785911706
1,1,0.0019801989640541797
2,2,0.18999234798045134
3,3,0.3202311431449572
4,4,0.48581611103194605
