,topic,prob
0,0,0.9920792024470015
1,1,0.00198019853883614
2,2,0.0019802016268182406
3,3,0.0019801988383093684
4,4,0.001980198549034664
