,topic,prob
0,0,0.0710070780059887
1,1,0.002014313986674153
2,2,0.001980199101938518
3,3,0.6556422381247853
4,4,0.26935617078061336
