,topic,prob
0,0,0.26237863232353414
1,1,0.05783693452589795
2,2,0.06136475796720519
3,3,0.5866838459308303
4,4,0.03173582925253242
