,topic,prob
0,0,0.001980203062662591
1,1,0.46748023074444717
2,2,0.001980198495339857
3,3,0.5265791693807792
4,4,0.001980198316771099
