,topic,prob
0,0,0.001980200244888718
1,1,0.0019802312627904438
2,2,0.0019801982655455867
3,3,0.0019802036298324902
4,4,0.9920791665969428
