,topic,prob
0,0,0.0019802481813575154
1,1,0.0019802106873427726
2,2,0.001980198898725239
3,3,0.5462756636882082
4,4,0.4477836785443662
