,topic,prob
0,0,0.16036743371282475
1,1,0.0019801986997308447
2,2,0.7050509128255888
3,3,0.001985254043659232
4,4,0.1306162007181963
