,topic,prob
0,0,0.0019801997948027295
1,1,0.3387280025066331
2,2,0.001980198130782128
3,3,0.001980198150892151
4,4,0.6553314014168898
