,topic,prob
0,0,0.0019801984032792814
1,1,0.9225286789835945
2,2,0.07150307180725833
3,3,0.001980227268631547
4,4,0.002007823537236363
