,topic,prob
0,0,0.5994645253664875
1,1,0.001980198322235595
2,2,0.001980198604762329
3,3,0.001980198485697985
4,4,0.3945948792208165
