,topic,prob
0,0,0.001980209884451685
1,1,0.0019801982084773294
2,2,0.001980198362579805
3,3,0.001980198258486335
4,4,0.9920791952860049
