,topic,prob
0,0,0.001980198147960447
1,1,0.0019802148635428406
2,2,0.001980198217746925
3,3,0.9920791906277796
4,4,0.0019801981429701143
