,topic,prob
0,0,0.24776573224136592
1,1,0.0019801984729541007
2,2,0.0019801983380711347
3,3,0.0019801983120296316
4,4,0.7462936726355792
