,topic,prob
0,0,0.0019801982488941183
1,1,0.001980199404597452
2,2,0.001980198290368338
3,3,0.992079205866484
4,4,0.001980198189656039
