,topic,prob
0,0,0.001980198968796773
1,1,0.0019801988776673844
2,2,0.9920587612429047
3,3,0.0020006419737619253
4,4,0.001980198936869224
