,topic,prob
0,0,0.5275404677019341
1,1,0.0019801984015700527
2,2,0.466518893614695
3,3,0.0019802409058927357
4,4,0.0019801993759081373
