,topic,prob
0,0,0.8011359529729485
1,1,0.0019801982774687392
2,2,0.0019801982974820796
3,3,0.1929232930966208
4,4,0.00198035735547993
