,topic,prob
0,0,0.615840125736234
1,1,0.3782189853253562
2,2,0.0019804912521709534
3,3,0.001980198982621596
4,4,0.0019801987036171904
