,topic,prob
0,0,0.0019801995329512784
1,1,0.001980429125979394
2,2,0.0019801984306907125
3,3,0.001980201657932939
4,4,0.9920789712524457
