,topic,prob
0,0,0.9920240372792949
1,1,0.001980198250433323
2,2,0.001980198418216864
3,3,0.0019801983666297
4,4,0.002035367685425121
