,topic,prob
0,0,0.0019801996927177974
1,1,0.33087669223129385
2,2,0.6631827082484218
3,3,0.001980200246095407
4,4,0.0019801995814711392
