,topic,prob
0,0,0.9920786425313516
1,1,0.0019801982086602708
2,2,0.001980198159897601
3,3,0.0019807620658695356
4,4,0.001980199034221061
