,topic,prob
0,0,0.00198019837630551
1,1,0.42400047542887004
2,2,0.001980627811271802
3,3,0.45760616942087096
4,4,0.11443252896268163
