,topic,prob
0,0,0.0019803514391882925
1,1,0.0019801990702343697
2,2,0.9623387913952415
3,3,0.0019856100290222534
4,4,0.03171504806631372
