,topic,prob
0,0,0.0019801983066865363
1,1,0.0020011752522865506
2,2,0.0019801986641899663
3,3,0.9920582294791482
4,4,0.001980198297688719
