,topic,prob
0,0,0.001980208401230536
1,1,0.0019801983395447416
2,2,0.001980198425273666
3,3,0.0019803404166278894
4,4,0.9920790544173231
