,topic,prob
0,0,0.001980198059754227
1,1,0.9920792077460744
2,2,0.0019801980687827883
3,3,0.0019801980633995546
4,4,0.0019801980619891407
