,topic,prob
0,0,0.99206689447439
1,1,0.001980198139397035
2,2,0.0019801982202747445
3,3,0.0019801982001805742
4,4,0.0019925109657577384
