,topic,prob
0,0,0.001980198558401287
1,1,0.8938390648101314
2,2,0.10018965160987121
3,3,0.001980240418290949
4,4,0.0020108446033051826
