,topic,prob
0,0,0.0019801982792889607
1,1,0.001980224080714805
2,2,0.9920791809976659
3,3,0.0019801983739000596
4,4,0.0019801982684301647
