,topic,prob
0,0,0.38719763919147526
1,1,0.0019802062205207557
2,2,0.6068615834869082
3,3,0.0019803722257767677
4,4,0.0019801988753189426
