,topic,prob
0,0,0.12030642409378549
1,1,0.873752861370954
2,2,0.0019803171185236767
3,3,0.0019801982544075756
4,4,0.0019801991623292076
