,topic,prob
0,0,0.8813842067505103
1,1,0.001980198984373297
2,2,0.0019801996516592285
3,3,0.11267519541802434
4,4,0.0019801991954327327
