,topic,prob
0,0,0.0019801982548710998
1,1,0.9920578481507005
2,2,0.0019813328958660603
3,3,0.0019803132639292466
4,4,0.002000307434633058
