,topic,prob
0,0,0.0019892413476204408
1,1,0.0019801987567564273
2,2,0.9920701615251685
3,3,0.001980199572954293
4,4,0.001980198797500367
