,topic,prob
0,0,0.4376178838267376
1,1,0.5564415209763838
2,2,0.0019801983843635335
3,3,0.0019801983412988423
4,4,0.001980198471216363
