,topic,prob
0,0,0.9575954430483461
1,1,0.0019802138872395667
2,2,0.03646380687096817
3,3,0.00198033092639865
4,4,0.0019802052670475556
