,topic,prob
0,0,0.0019801981714928155
1,1,0.9920792072915785
2,2,0.0019801982280043006
3,3,0.0019801981779746713
4,4,0.0019801981309498216
