,topic,prob
0,0,0.001980198483217268
1,1,0.0019801983932684303
2,2,0.001980205351226087
3,3,0.0019807361446834274
4,4,0.9920786616276048
