,topic,prob
0,0,0.001980198061926266
1,1,0.9920792077313503
2,2,0.001980198074974627
3,3,0.001980198068824141
4,4,0.0019801980629247417
