,topic,prob
0,0,0.0019801983762625587
1,1,0.17752288747663286
2,2,0.0019806543096439876
3,3,0.16841133475556427
4,4,0.6501049250818963
