,topic,prob
0,0,0.0019801983507668876
1,1,0.001980205595956155
2,2,0.001980198769299866
3,3,0.9920791989671848
4,4,0.0019801983167922247
