,topic,prob
0,0,0.9920789375418124
1,1,0.001980198397685091
2,2,0.001980462666785501
3,3,0.001980198580086237
4,4,0.001980202813630676
