,topic,prob
0,0,0.9920763062597743
1,1,0.0019801981710613208
2,2,0.001980209822344802
3,3,0.001983087561365146
4,4,0.0019801981854543145
