,topic,prob
0,0,0.0019801981437729183
1,1,0.001980198135503507
2,2,0.001980200111757917
3,3,0.9920792054577078
4,4,0.001980198151257954
