,topic,prob
0,0,0.0019802122934330746
1,1,0.26271071664759116
2,2,0.7313486703332898
3,3,0.0019801983218772712
4,4,0.0019802024038088283
