,topic,prob
0,0,0.0019801983121658464
1,1,0.001980198311866758
2,2,0.9920792066587921
3,3,0.0019801984181172464
4,4,0.001980198299057946
