,topic,prob
0,0,0.9920789498995861
1,1,0.0019801983032061233
2,2,0.001980198154346323
3,3,0.00198045513036342
4,4,0.001980198512498156
