,topic,prob
0,0,0.0019801984310225938
1,1,0.9920789928971097
2,2,0.001980411764121824
3,3,0.001980198529991731
4,4,0.001980198377754141
