,topic,prob
0,0,0.0019802039500450555
1,1,0.001982307578923531
2,2,0.15050040779346385
3,3,0.0020109873849799374
4,4,0.8435260932925875
