,topic,prob
0,0,0.0019802131607412573
1,1,0.9920791889446074
2,2,0.0019802012721266186
3,3,0.0019801983625852516
4,4,0.0019801982599392497
