,topic,prob
0,0,0.0019802004637132094
1,1,0.0019802388517491344
2,2,0.0019801982722197522
3,3,0.0019802041968053304
4,4,0.9920791582155125
