,topic,prob
0,0,0.001980203593313922
1,1,0.001980211085051177
2,2,0.001980198454133977
3,3,0.0019801996163436074
4,4,0.9920791872511573
