,topic,prob
0,0,0.0019801985593138976
1,1,0.0019826061030886817
2,2,0.0019801988140095
3,3,0.6048027092177758
4,4,0.3892542873058122
