,topic,prob
0,0,0.0019802051514253042
1,1,0.0019801981017542503
2,2,0.0019801981596888306
3,3,0.0019801981461322338
4,4,0.9920792004409993
