,topic,prob
0,0,0.0019801983922793868
1,1,0.9920791603928197
2,2,0.0019802443049174658
3,3,0.001980198530660154
4,4,0.001980198379323239
