,topic,prob
0,0,0.001980198057703308
1,1,0.9920792077599734
2,2,0.001980198062938602
3,3,0.001980198058279148
4,4,0.001980198061105602
