,topic,prob
0,0,0.4629068416730112
1,1,0.0019802013296609487
2,2,0.001980198797304697
3,3,0.12397229935576154
4,4,0.40916045884426167
