,topic,prob
0,0,0.001980226213569287
1,1,0.0019801983979108374
2,2,0.992079178103803
3,3,0.0019801983523676995
4,4,0.001980198932349202
