,topic,prob
0,0,0.0019801982139527677
1,1,0.9920478401876586
2,2,0.0019809614874140105
3,3,0.0019802288491016845
4,4,0.0020107712618728985
