,topic,prob
0,0,0.06977051350949791
1,1,0.09114276175531602
2,2,0.8264819375012915
3,3,0.0019815006745318273
4,4,0.010623286559362614
