,topic,prob
0,0,0.49166195642922766
1,1,0.001980200588983755
2,2,0.001980241049322926
3,3,0.001981317800768975
4,4,0.5023962841316968
