,topic,prob
0,0,0.15997202997138057
1,1,0.0019801986280610197
2,2,0.0019802072487147275
3,3,0.8340873654886531
4,4,0.001980198663190517
