,topic,prob
0,0,0.8154552035491838
1,1,0.001980198263226173
2,2,0.001980198440820509
3,3,0.001980198385897823
4,4,0.17860420136087163
