,topic,prob
0,0,0.9920789612046002
1,1,0.001980208753373673
2,2,0.0019804243661945007
3,3,0.0019801982038724106
4,4,0.0019802074719592793
