,topic,prob
0,0,0.08117766708117505
1,1,0.9128817376970998
2,2,0.0019801983924192463
3,3,0.0019801983486001646
4,4,0.0019801984807058014
