,topic,prob
0,0,0.9700194543543067
1,1,0.001980201050187141
2,2,0.02403969890045223
3,3,0.0019804370111563625
4,4,0.0019802086838975265
