,topic,prob
0,0,0.0019801993508812444
1,1,0.27355131979763614
2,2,0.22578742636424723
3,3,0.4967008415762761
4,4,0.001980212910959388
