,topic,prob
0,0,0.0019955014554741417
1,1,0.001980205162793924
2,2,0.001980198251738739
3,3,0.001980198233883725
4,4,0.9920638968961094
