,topic,prob
0,0,0.001980207777674555
1,1,0.001980198531811825
2,2,0.0019801983460795963
3,3,0.0019801982524656806
4,4,0.9920791970919683
