,topic,prob
0,0,0.0019802021126707494
1,1,0.001981239129303386
2,2,0.0019802014811012435
3,3,0.001995975108856792
4,4,0.9920623821680677
