,topic,prob
0,0,0.0019801981788752283
1,1,0.00198670736048822
2,2,0.0019802112155257938
3,3,0.9920726850590701
4,4,0.0019801981860407274
