,topic,prob
0,0,0.25819291401670813
1,1,0.0019802213856982835
2,2,0.0019802004384497315
3,3,0.1745643534638907
4,4,0.5632823106952533
