,topic,prob
0,0,0.001980199591235533
1,1,0.0019801983072104097
2,2,0.018705027548508477
3,3,0.975354376043322
4,4,0.0019801985097236846
