,topic,prob
0,0,0.0019801984230302058
1,1,0.21515196868865855
2,2,0.0019801998710999922
3,3,0.7789074346004142
4,4,0.0019801984167969675
