,topic,prob
0,0,0.5738578644874216
1,1,0.0019801986892543874
2,2,0.42020152515436077
3,3,0.001980198512105404
4,4,0.001980213156857903
