,topic,prob
0,0,0.21127214704896777
1,1,0.21825022874955413
2,2,0.001981533720486619
3,3,0.5665034874080667
4,4,0.0019926030729248375
