,topic,prob
0,0,0.001980211753934037
1,1,0.001980198353514874
2,2,0.9524734533102086
3,3,0.0019806463428765552
4,4,0.04158549023946594
