,topic,prob
0,0,0.001980297857751149
1,1,0.0019805367010842173
2,2,0.9920787683766754
3,3,0.0019801985096729365
4,4,0.001980198554816171
