,topic,prob
0,0,0.0019802128675953396
1,1,0.08482185426095196
2,2,0.9092162317602097
3,3,0.0019802212964397992
4,4,0.0020014798148032266
