,topic,prob
0,0,0.0019801981597459203
1,1,0.0019801981488109916
2,2,0.0019801988599761075
3,3,0.9920792066761505
4,4,0.0019801981553165845
