,topic,prob
0,0,0.11809845826933614
1,1,0.001980212837754486
2,2,0.7751858074492488
3,3,0.0019801987910769204
4,4,0.1027553226525836
