,topic,prob
0,0,0.0019802023544209808
1,1,0.001980465061924598
2,2,0.001980200785431778
3,3,0.002042486539584025
4,4,0.9920166452586386
