,topic,prob
0,0,0.12078762830316717
1,1,0.4575863668925538
2,2,0.001980198476227035
3,3,0.001980198455612027
4,4,0.41766560787244
