,topic,prob
0,0,0.001980198798706308
1,1,0.0019801981410054567
2,2,0.9920788458129345
3,3,0.0019805377522424416
4,4,0.0019802194951112247
