,topic,prob
0,0,0.001980198126398907
1,1,0.001980198098458954
2,2,0.0019801981637671156
3,3,0.9920792075069589
4,4,0.0019801981044160707
