,topic,prob
0,0,0.001980198302101011
1,1,0.001980198566325855
2,2,0.9920792064433259
3,3,0.0019801984014124687
4,4,0.0019801982868347654
