,topic,prob
0,0,0.9920788675679599
1,1,0.001980198136690238
2,2,0.001980198222200925
3,3,0.001980198202976288
4,4,0.001980537870172683
