,topic,prob
0,0,0.0019801981951048024
1,1,0.9920792070834294
2,2,0.0019801982846905345
3,3,0.001980198252621864
4,4,0.0019801981841534077
