,topic,prob
0,0,0.9570377431770797
1,1,0.0019802012283179
2,2,0.0019801986645199164
3,3,0.001981624277900379
4,4,0.03702023265218202
