,topic,prob
0,0,0.0019802028279621952
1,1,0.001980236090063283
2,2,0.001980200180646326
3,3,0.7420429734687274
4,4,0.25201638743260096
