,topic,prob
0,0,0.3335181546130519
1,1,0.0019801982410451325
2,2,0.6605412500002638
3,3,0.001980198349154718
4,4,0.001980198796484529
