,topic,prob
0,0,0.0019802022103059236
1,1,0.001980225114179166
2,2,0.001980200156401435
3,3,0.4726808824849485
4,4,0.5213784900341649
