,topic,prob
0,0,0.001980198060719517
1,1,0.9920792077395313
2,2,0.001980198071534224
3,3,0.0019801980658101037
4,4,0.001980198062404952
