,topic,prob
0,0,0.031681261436691456
1,1,0.001980200371003355
2,2,0.001980301871032546
3,3,0.0019894125264496077
4,4,0.962368823794823
