,topic,prob
0,0,0.001980199794489665
1,1,0.30901477968978935
2,2,0.001980198130799933
3,3,0.001980198150901783
4,4,0.6850446242340191
