,topic,prob
0,0,0.10036052066689326
1,1,0.0019802014019891876
2,2,0.001980198799917905
3,3,0.23596410646054392
4,4,0.6597149726706558
