,topic,prob
0,0,0.0019802148073078687
1,1,0.00198039692554948
2,2,0.0019802001622018506
3,3,0.5841767669407653
4,4,0.4098824211641756
