,topic,prob
0,0,0.1475329430338159
1,1,0.001980198278147429
2,2,0.0019801982982286513
3,3,0.8465263049689481
4,4,0.0019803554208599914
