,topic,prob
0,0,0.001980198516605355
1,1,0.9431666342972814
2,2,0.05089272800294135
3,3,0.0019802097009818625
4,4,0.00198022948219021
