,topic,prob
0,0,0.38685315123233627
1,1,0.001980198471451644
2,2,0.001980198337670006
3,3,0.0019801983116856364
4,4,0.6072062536468564
