,topic,prob
0,0,0.7715103985990215
1,1,0.0019801983846635734
2,2,0.22254900302364672
3,3,0.001980198559335789
4,4,0.0019802014333324043
