,topic,prob
0,0,0.0019801990551585494
1,1,0.0019801992144122525
2,2,0.001980199617732516
3,3,0.9920792018188203
4,4,0.0019802002938763643
