,topic,prob
0,0,0.001980198062771081
1,1,0.9920792077256221
2,2,0.001980198077383642
3,3,0.0019801980709345302
4,4,0.0019801980632886108
