,topic,prob
0,0,0.5758924007085888
1,1,0.001980198272028791
2,2,0.0019801985829446317
3,3,0.00198020999739162
4,4,0.41816699243904615
