,topic,prob
0,0,0.001980203955721769
1,1,0.044488613042242796
2,2,0.001980204900332433
3,3,0.9495633306215173
4,4,0.0019876474801856737
