,topic,prob
0,0,0.8723892931769506
1,1,0.0019801982414265566
2,2,0.12167009864071604
3,3,0.0019801983552862118
4,4,0.00198021158562052
