,topic,prob
0,0,0.0020030456117030335
1,1,0.001980198203555481
2,2,0.0019801983395427427
3,3,0.0019801982971382496
4,4,0.9920563595480605
