,topic,prob
0,0,0.15964180584585505
1,1,0.011505510228187103
2,2,0.23046133496833135
3,3,0.4073292715713453
4,4,0.19106207738628117
