,topic,prob
0,0,0.0019801982904107287
1,1,0.002001175230592894
2,2,0.001980198982239748
3,3,0.9920582292146735
4,4,0.001980198282083175
