,topic,prob
0,0,0.9920789062430977
1,1,0.001980198498203284
2,2,0.0019804980246706104
3,3,0.001980198717782166
4,4,0.0019801985162463233
