,topic,prob
0,0,0.0019801988632199403
1,1,0.8137243046305142
2,2,0.001980199606372342
3,3,0.0019802144305294724
4,4,0.18033508246936414
