,topic,prob
0,0,0.4688035441728496
1,1,0.0019808909648037975
2,2,0.5252547468104166
3,3,0.0019806184241520303
4,4,0.0019801996277779206
