,topic,prob
0,0,0.0019802017894692057
1,1,0.0019802091631581694
2,2,0.001980198195190375
3,3,0.0019803375115355617
4,4,0.9920790533406467
