,topic,prob
0,0,0.0019801986725206723
1,1,0.001980199120124099
2,2,0.0019801993767801012
3,3,0.9920792041804408
4,4,0.001980198650134351
