,topic,prob
0,0,0.001980198446059745
1,1,0.0019801985202516337
2,2,0.9920792060055716
3,3,0.0019801986000956982
4,4,0.0019801984280213136
