,topic,prob
0,0,0.28097436572944334
1,1,0.0019802008104402016
2,2,0.001980228232965913
3,3,0.3168530172771307
4,4,0.39821218795001984
