,topic,prob
0,0,0.15760448243318165
1,1,0.001980198277978724
2,2,0.0019801982980461198
3,3,0.8364547655620855
4,4,0.0019803554287078436
