,topic,prob
0,0,0.0019807549555033665
1,1,0.0019801982432480366
2,2,0.001981068434927929
3,3,0.001980198358572521
4,4,0.9920777800077482
