,topic,prob
0,0,0.6870270869353844
1,1,0.0019801982453320657
2,2,0.00198019840389931
3,3,0.0019801983614136146
4,4,0.3070323180539705
