,topic,prob
0,0,0.7848466414944901
1,1,0.0019801982456344467
2,2,0.0019801984048787385
3,3,0.0019801983623708996
4,4,0.20921276349262577
