,topic,prob
0,0,0.6073316049986545
1,1,0.0019801983532224073
2,2,0.0019801987077534096
3,3,0.001980198532598666
4,4,0.3867277994077712
