,topic,prob
0,0,0.992019321724305
1,1,0.001980211879325691
2,2,0.001980256555776237
3,3,0.00198019840197745
4,4,0.002040011438615658
