,topic,prob
0,0,0.001980199827179205
1,1,0.03708002393670116
2,2,0.002049976038837031
3,3,0.956909601230411
4,4,0.001980198966871625
