,topic,prob
0,0,0.9920771347087973
1,1,0.0019801981150593833
2,2,0.0019801981789599322
3,3,0.001980198162730589
4,4,0.0019822708344528457
