,topic,prob
0,0,0.0019802014689855835
1,1,0.0019801981065002447
2,2,0.0019801981683598593
3,3,0.0019803917922420334
4,4,0.9920790104639122
