,topic,prob
0,0,0.001984873641755003
1,1,0.001980198521279101
2,2,0.9920745302757934
3,3,0.0019801990110404773
4,4,0.0019801985501320457
