,topic,prob
0,0,0.8633876308002274
1,1,0.05149534397663057
2,2,0.001980198513749968
3,3,0.001980198478473055
4,4,0.08115662823091886
