,topic,prob
0,0,0.001980198783824239
1,1,0.001982527540526497
2,2,0.001980205704127847
3,3,0.002018571038548492
4,4,0.9920384969329729
