,topic,prob
0,0,0.0019801988155681584
1,1,0.0019802423219925985
2,2,0.6059400090103032
3,3,0.001980496526817016
4,4,0.38811905332531904
