,topic,prob
0,0,0.00198020085493633
1,1,0.001980198334398045
2,2,0.0019802000815266085
3,3,0.49513870489559825
4,4,0.49892069583354076
