,topic,prob
0,0,0.7737596529865527
1,1,0.22029971641724763
2,2,0.001980227010535164
3,3,0.0019801988075443234
4,4,0.001980204778120161
