,topic,prob
0,0,0.06704128318202333
1,1,0.298133153786797
2,2,0.3283092959683759
3,3,0.30453590151951854
4,4,0.001980365543285348
