,topic,prob
0,0,0.0019802007195422436
1,1,0.001980198334458881
2,2,0.0019802000802856255
3,3,0.5657467641294391
4,4,0.42831263673627407
