,topic,prob
0,0,0.001980198057823938
1,1,0.9920792077591559
2,2,0.001980198063282279
3,3,0.0019801980585802724
4,4,0.0019801980611575723
