,topic,prob
0,0,0.0019803008489721347
1,1,0.001980198359769651
2,2,0.00198020030007195
3,3,0.030536252570120076
4,4,0.9635230479210662
