,topic,prob
0,0,0.001980199412278678
1,1,0.001980262774242815
2,2,0.001980198304263681
3,3,0.0019802014251509136
4,4,0.9920791380840639
