,topic,prob
0,0,0.0019801985775669407
1,1,0.9241836078846455
2,2,0.06987579637840287
3,3,0.00198019867726008
4,4,0.001980198482124662
