,topic,prob
0,0,0.0019802028209032667
1,1,0.00198023580556689
2,2,0.001980200188921038
3,3,0.32167654711546406
4,4,0.6723828140691447
