,topic,prob
0,0,0.0019801982673965067
1,1,0.001980198211591302
2,2,0.4772269312879039
3,3,0.5168324603437857
4,4,0.0019802118893226034
