,topic,prob
0,0,0.0019801982997225465
1,1,0.001980466058073425
2,2,0.0019801984755905546
3,3,0.0019801984011698325
4,4,0.9920789387654437
