,topic,prob
0,0,0.9424230151937717
1,1,0.001980198413015529
2,2,0.0019801985673846543
3,3,0.05163345334203909
4,4,0.001983134483788931
