,topic,prob
0,0,0.2502948688304674
1,1,0.001980198393308377
2,2,0.0019814638974174365
3,3,0.0019801985910645257
4,4,0.7437632702877423
