,topic,prob
0,0,0.0019801981495132584
1,1,0.001980198138087864
2,2,0.0019802458945917417
3,3,0.9920791596585092
4,4,0.001980198159297807
