,topic,prob
0,0,0.0019801980661510866
1,1,0.9920792077026984
2,2,0.0019801980870257376
3,3,0.0019801980793807245
4,4,0.0019801980647442276
