,topic,prob
0,0,0.039425124074204294
1,1,0.22133895803809212
2,2,0.5839440221994637
3,3,0.15331152864243197
4,4,0.001980367045807981
