,topic,prob
0,0,0.00198020110569679
1,1,0.001980443512284139
2,2,0.010429456199925177
3,3,0.002043332117150883
4,4,0.9835665670649429
