,topic,prob
0,0,0.0019801999803543344
1,1,0.9627385026555642
2,2,0.0019801981665244412
3,3,0.0019801981855683466
4,4,0.03132090101198877
