,topic,prob
0,0,0.45705657242018216
1,1,0.0019802011457919133
2,2,0.0019802058301857804
3,3,0.536968726927829
4,4,0.0020142936760110756
