,topic,prob
0,0,0.012212370402166028
1,1,0.0019801983765034216
2,2,0.001980202277427588
3,3,0.9818470306195839
4,4,0.001980198324319
