,topic,prob
0,0,0.17997462958272895
1,1,0.0019802444828019286
2,2,0.07151839319305556
3,3,0.6321761825638733
4,4,0.11435055017754045
