,topic,prob
0,0,0.18965678874865355
1,1,0.8044024973178384
2,2,0.0019803162387796143
3,3,0.001980198422709545
4,4,0.0019801992720189167
