,topic,prob
0,0,0.5751390564435727
1,1,0.0019802201127887974
2,2,0.4189203266425117
3,3,0.0019801984511266845
4,4,0.001980198350000251
