,topic,prob
0,0,0.001980199397978646
1,1,0.001980198284872209
2,2,0.10074452493541353
3,3,0.8933148789183111
4,4,0.001980198463424506
