,topic,prob
0,0,0.0019801981428768977
1,1,0.0019801981345314245
2,2,0.0019802049726737013
3,3,0.9920792005981375
4,4,0.0019801981517804197
