,topic,prob
0,0,0.001980198760920358
1,1,0.0019801989524502336
2,2,0.001980199153598313
3,3,0.04736999898329097
4,4,0.9466894041497401
