,topic,prob
0,0,0.20104935379626895
1,1,0.001980215591539142
2,2,0.5680882449117348
3,3,0.012002010441431276
4,4,0.21688017525902575
