,topic,prob
0,0,0.001980198294315007
1,1,0.001980198763171827
2,2,0.9920792062766443
3,3,0.001980198388489906
4,4,0.001980198277379098
