,topic,prob
0,0,0.0019801990847885904
1,1,0.0019804461383121003
2,2,0.0019801989802182966
3,3,0.0019836847610212077
4,4,0.9920754710356599
