,topic,prob
0,0,0.0019801981535772497
1,1,0.0019801981436598907
2,2,0.0019801992685294706
3,3,0.9920792062809404
4,4,0.0019801981532929906
