,topic,prob
0,0,0.0019802014101185173
1,1,0.001980713707322982
2,2,0.0019802014396300784
3,3,0.27146504119004716
4,4,0.7225938422528813
