,topic,prob
0,0,0.0019801981470011255
1,1,0.0019801981103748922
2,2,0.9920791530810996
3,3,0.001980199346361872
4,4,0.001980251315162632
