,topic,prob
0,0,0.5030927026052514
1,1,0.490966551973745
2,2,0.0019801986265249316
3,3,0.001980347791303655
4,4,0.001980199003174993
