,topic,prob
0,0,0.001980198148577367
1,1,0.0019801981391604035
2,2,0.00198020687438744
3,3,0.9920791986845569
4,4,0.0019801981533178626
