,topic,prob
0,0,0.0019805457209019456
1,1,0.001980200430789371
2,2,0.9920788482011188
3,3,0.0019801986851267417
4,4,0.0019802069620631657
