,topic,prob
0,0,0.001980325509425861
1,1,0.0019802027854045282
2,2,0.8139883246720145
3,3,0.18007094367123513
4,4,0.001980203361920057
