,topic,prob
0,0,0.12503837736319734
1,1,0.0019801983726760435
2,2,0.0019803707580722664
3,3,0.001980198561750334
4,4,0.8690208549443039
