,topic,prob
0,0,0.0019801991436366826
1,1,0.001999327363143408
2,2,0.039284771963512786
3,3,0.9020536828669785
4,4,0.054682018662728586
