,topic,prob
0,0,0.001980222604230324
1,1,0.0019802190820534704
2,2,0.9920791618718184
3,3,0.0019801981733905956
4,4,0.00198019826850723
