,topic,prob
0,0,0.04157491573988426
1,1,0.7844640713939138
2,2,0.001980490976334082
3,3,0.001981638285028584
4,4,0.16999888360483936
