,topic,prob
0,0,0.001980198380318169
1,1,0.8530935425420543
2,2,0.0019812478068971357
3,3,0.14093679590169214
4,4,0.0020082153690384203
