,topic,prob
0,0,0.14012154540337604
1,1,0.8539377400146755
2,2,0.0019803168868914372
3,3,0.0019801984196736824
4,4,0.0019801992753833686
