,topic,prob
0,0,0.09383275205537438
1,1,0.15954922052532147
2,2,0.2744110230864931
3,3,0.36807197534005537
4,4,0.10413502899275576
