,topic,prob
0,0,0.00198019806735852
1,1,0.9920792076945066
2,2,0.001980198090471684
3,3,0.0019801980823990206
4,4,0.001980198065264144
