,topic,prob
0,0,0.001980198145174093
1,1,0.001980198135762494
2,2,0.0019802191289519508
3,3,0.9920791864357288
4,4,0.0019801981543825856
