,topic,prob
0,0,0.001980198215929044
1,1,0.9920792070795696
2,2,0.001980198295411553
3,3,0.0019801982368503578
4,4,0.0019801981722394123
