,topic,prob
0,0,0.19999635155039452
1,1,0.7346607882928475
2,2,0.0019802009945843633
3,3,0.06138245927500727
4,4,0.001980199887166294
