,topic,prob
0,0,0.001980198339490848
1,1,0.8713490781813975
2,2,0.12271032292610555
3,3,0.0019801982875290725
4,4,0.001980202265477034
