,topic,prob
0,0,0.0019801981796471117
1,1,0.001980198150743611
2,2,0.9920791944370083
3,3,0.001980198270246781
4,4,0.0019802109623541756
