,topic,prob
0,0,0.9400479761830169
1,1,0.0019801984564947832
2,2,0.001980469504140959
3,3,0.0019801986287933146
4,4,0.054011157227554
