,topic,prob
0,0,0.0019801980624090084
1,1,0.9920792077280773
2,2,0.0019801980763511336
3,3,0.001980198070030021
4,4,0.001980198063132665
