,topic,prob
0,0,0.9920789885658609
1,1,0.0019802131046385155
2,2,0.001980394855983335
3,3,0.0019801981994691377
4,4,0.0019802052740480534
