,topic,prob
0,0,0.2536478663756371
1,1,0.35741484408081653
2,2,0.0019812658388392015
3,3,0.38494709021472373
4,4,0.002008933489983629
