,topic,prob
0,0,0.002023796591205072
1,1,0.001980210868415054
2,2,0.001980199172194716
3,3,0.3393182514911497
4,4,0.6546975418770354
