,topic,prob
0,0,0.0019802029625198125
1,1,0.5742269382649962
2,2,0.00198019968446871
3,3,0.4198324516489114
4,4,0.001980207439103857
