,topic,prob
0,0,0.001980263123341858
1,1,0.0019803770735400354
2,2,0.7443183270671194
3,3,0.0019801994846224613
4,4,0.2497408332513762
