,topic,prob
0,0,0.0019801998748863376
1,1,0.9231000218962547
2,2,0.0019801981676530428
3,3,0.0019801981845105686
4,4,0.07095938187669532
