,topic,prob
0,0,0.001980199116188569
1,1,0.48684469694532667
2,2,0.0019801999997024755
3,3,0.23857519384209377
4,4,0.2706197100966885
