,topic,prob
0,0,0.032787933897559234
1,1,0.0019802014819448755
2,2,0.001980198428725631
3,3,0.9612714670736852
4,4,0.0019801991180850745
