,topic,prob
0,0,0.001980198794663753
1,1,0.0019812462082770877
2,2,0.001980201450656191
3,3,0.00199597642254031
4,4,0.9920623771238627
