,topic,prob
0,0,0.3016409056003011
1,1,0.001980198629485926
2,2,0.0019801989129848837
3,3,0.6924086923285292
4,4,0.001990004528698923
