,topic,prob
0,0,0.5932180583888567
1,1,0.0019801985280852447
2,2,0.40079944289926017
3,3,0.00198251595281786
4,4,0.0020197842309799987
