,topic,prob
0,0,0.04656957990420948
1,1,0.018649813978247984
2,2,0.0019820194772839713
3,3,0.9308182308332335
4,4,0.001980355807025103
