,topic,prob
0,0,0.001980198063012471
1,1,0.9920792077239854
2,2,0.001980198078072043
3,3,0.001980198071537584
4,4,0.001980198063392576
