,topic,prob
0,0,0.0019802008073576227
1,1,0.0019802306587523573
2,2,0.9920791716712607
3,3,0.001980198503342103
4,4,0.0019801983592872673
