,topic,prob
0,0,0.5627086567089095
1,1,0.0019801984658673506
2,2,0.0019801989365604714
3,3,0.0019820320870819028
4,4,0.4313489138015808
