,topic,prob
0,0,0.0019801984352946053
1,1,0.581321630696113
2,2,0.41273774785666556
3,3,0.001980204919277422
4,4,0.0019802180926493103
