,topic,prob
0,0,0.0019801983706624923
1,1,0.001980202878141642
2,2,0.001980198270418537
3,3,0.001980198722021866
4,4,0.9920792017587554
