,topic,prob
0,0,0.0019801980655474267
1,1,0.9920792077067931
2,2,0.0019801980853032266
3,3,0.0019801980778719314
4,4,0.0019801980644842797
