,topic,prob
0,0,0.5711590879609291
1,1,0.002027635720120787
2,2,0.0019801993730848297
3,3,0.41361465190225416
4,4,0.011218425043611065
