,topic,prob
0,0,0.0019801982852170772
1,1,0.9920787455503564
2,2,0.0019802031515937357
3,3,0.0019806547384121674
4,4,0.001980198274420511
