,topic,prob
0,0,0.9622321870186767
1,1,0.0019802010826685226
2,2,0.001980205222278716
3,3,0.03182720766380538
4,4,0.001980199012570669
