,topic,prob
0,0,0.0019802253466517064
1,1,0.04157781228352407
2,2,0.9524815047811392
3,3,0.0019802150336924607
4,4,0.001980242554992501
