,topic,prob
0,0,0.001980198151600655
1,1,0.9920780578108837
2,2,0.001981343640057105
3,3,0.001980198194983217
4,4,0.0019802022024754057
