,topic,prob
0,0,0.03234249774991083
1,1,0.0019817657859863783
2,2,0.0019805013414103206
3,3,0.0020041104173419318
4,4,0.9616911247053506
