,topic,prob
0,0,0.23092678499672617
1,1,0.001980199151495293
2,2,0.001980200040631684
3,3,0.7110292491158817
4,4,0.05408356669526509
