,topic,prob
0,0,0.0019801983252629688
1,1,0.0019802014840090082
2,2,0.0019801983049792223
3,3,0.9920792036868518
4,4,0.0019801981988970658
