,topic,prob
0,0,0.9920790522777871
1,1,0.0019801983368824163
2,2,0.001980255037897563
3,3,0.001980296067394862
4,4,0.001980198280037999
