,topic,prob
0,0,0.19467631442310543
1,1,0.0019801982675102404
2,2,0.0019801984820324845
3,3,0.001980224143393234
4,4,0.7993830646839586
