,topic,prob
0,0,0.18080804950721144
1,1,0.001980199678164522
2,2,0.8132513495366315
3,3,0.001980198606366454
4,4,0.0019802026716260624
