,topic,prob
0,0,0.001980198208109148
1,1,0.0019876726155731717
2,2,0.001980198884264136
3,3,0.9920717320897963
4,4,0.0019801982022573054
