,topic,prob
0,0,0.0019801988783979935
1,1,0.4697322497446135
2,2,0.0019801997001831946
3,3,0.41770735383972624
4,4,0.10859999783707905
