,topic,prob
0,0,0.9920763581063784
1,1,0.001980198165915511
2,2,0.001980198272428257
3,3,0.0019801982471612345
4,4,0.001983047208116596
