,topic,prob
0,0,0.0019801985674811166
1,1,0.39835686323848474
2,2,0.5957025410637585
3,3,0.0019801986607325566
4,4,0.001980198469543049
