,topic,prob
0,0,0.9920432731142433
1,1,0.001980199451197906
2,2,0.0020161053604141202
3,3,0.0019802225551967968
4,4,0.0019801995189479894
