,topic,prob
0,0,0.8263066899858742
1,1,0.001980198400328749
2,2,0.0019805538209644096
3,3,0.0019801983376485496
4,4,0.167752359455184
