,topic,prob
0,0,0.9920791439759582
1,1,0.001980198139600263
2,2,0.0019801982303613254
3,3,0.0019802475938976477
4,4,0.0019802120601825884
