,topic,prob
0,0,0.0019801990147683916
1,1,0.8448105198930641
2,2,0.1492488827417642
3,3,0.001980199380038806
4,4,0.001980198970364381
