,topic,prob
0,0,0.0019801987429626457
1,1,0.24002232509050436
2,2,0.754037078475052
3,3,0.001980198991011328
4,4,0.0019801987004695824
