,topic,prob
0,0,0.001980198446622709
1,1,0.9821129006116628
2,2,0.001980206100940908
3,3,0.011946496393332989
4,4,0.0019801984474406968
