,topic,prob
0,0,0.0019809000418592846
1,1,0.00198019818642106
2,2,0.001980198402047656
3,3,0.001981132288361774
4,4,0.9920775710813101
