,topic,prob
0,0,0.00198084284709768
1,1,0.0019801981430809497
2,2,0.001980198324457221
3,3,0.001980198208882549
4,4,0.9920785624764816
