,topic,prob
0,0,0.8428883167842154
1,1,0.001980206246209399
2,2,0.1511710694448152
3,3,0.0019801983471921937
4,4,0.001980209177567782
