,topic,prob
0,0,0.4062364002050472
1,1,0.001980216920082826
2,2,0.2991937464269721
3,3,0.2906094373575668
4,4,0.0019801990903309877
