,topic,prob
0,0,0.9920735325922995
1,1,0.00198019825766151
2,2,0.0019801984477555374
3,3,0.00198117389823539
4,4,0.001984896804048254
