,topic,prob
0,0,0.0905920179953969
1,1,0.0019801986190552388
2,2,0.0019802076977130335
3,3,0.9034673770330262
4,4,0.001980198654808637
