,topic,prob
0,0,0.0019801983369847
1,1,0.7192296482352755
2,2,0.27482975287371936
3,3,0.0019801982863748326
4,4,0.001980202267645716
