,topic,prob
0,0,0.6043368996247561
1,1,0.001980198582818465
2,2,0.38971971077309203
3,3,0.0019807645971558615
4,4,0.0019824264221774573
