,topic,prob
0,0,0.9389282970495294
1,1,0.0019802008759731834
2,2,0.055131031516467706
3,3,0.001980262669328771
4,4,0.0019802078887008875
