,topic,prob
0,0,0.0019801981882574897
1,1,0.0019801981762174303
2,2,0.00198019828062484
3,3,0.9920792071722602
4,4,0.0019801981826399412
