,topic,prob
0,0,0.30891492966830486
1,1,0.4278734199567899
2,2,0.0019801984559489377
3,3,0.0019801984377195146
4,4,0.2592512534812368
