,topic,prob
0,0,0.001980199431272081
1,1,0.0019802542213329037
2,2,0.0019801983236476927
3,3,0.0019802014531652267
4,4,0.9920791465705822
