,topic,prob
0,0,0.3206453615985862
1,1,0.0019801982440678357
2,2,0.001980198470392738
3,3,0.001980213662617506
4,4,0.6734140280243356
