,topic,prob
0,0,0.0019801991984365447
1,1,0.7039355602202236
2,2,0.0019801997775219736
3,3,0.001980201768187641
4,4,0.2901238390356301
