,topic,prob
0,0,0.001980200161802633
1,1,0.001980198112214961
2,2,0.0019801981748894283
3,3,0.9920792054373921
4,4,0.001980198113700773
