,topic,prob
0,0,0.001980198336587554
1,1,0.272933475375393
2,2,0.7211259257053348
3,3,0.0019801982869316367
4,4,0.001980202295753136
