,topic,prob
0,0,0.0019801983937511314
1,1,0.9920792063286323
2,2,0.0019801985269835357
3,3,0.001980198437612854
4,4,0.0019801983130202628
