,topic,prob
0,0,0.0019801983230523074
1,1,0.0020146203725641136
2,2,0.001980198953352179
3,3,0.6750218728001963
4,4,0.31900310955083505
