,topic,prob
0,0,0.001980198422394046
1,1,0.0019804464997717477
2,2,0.0019801987154306317
3,3,0.0019806649916194255
4,4,0.9920784913707841
