,topic,prob
0,0,0.6893044697023195
1,1,0.0019801982597411377
2,2,0.0019807288965244317
3,3,0.0019801983856911898
4,4,0.30475440475572374
