,topic,prob
0,0,0.9607957299372668
1,1,0.001980214296540043
2,2,0.0019804699076420734
3,3,0.001980199011002072
4,4,0.03326338684754889
