,topic,prob
0,0,0.9920783454669876
1,1,0.0019801988815911723
2,2,0.001980199486837168
3,3,0.001981057070528276
4,4,0.0019801990940557387
