,topic,prob
0,0,0.6243067205070043
1,1,0.0019802433912447797
2,2,0.09136873471957678
3,3,0.0019811380113078643
4,4,0.2803631633708662
