,topic,prob
0,0,0.0019802679882615316
1,1,0.0019801986484163678
2,2,0.9920791350264082
3,3,0.001980198372919354
4,4,0.0019801999639945667
