,topic,prob
0,0,0.0019801987536115276
1,1,0.0019801989344089875
2,2,0.0019801991541261257
3,3,0.2165981932328803
4,4,0.777461209924973
