,topic,prob
0,0,0.0019802008356963456
1,1,0.0019804004014634183
2,2,0.46677295910738337
3,3,0.0019803648851608236
4,4,0.5272860747702961
