,topic,prob
0,0,0.9920789064786317
1,1,0.0019801982919525323
2,2,0.001980198155008192
3,3,0.0019804984997947523
4,4,0.0019801985746127782
