,topic,prob
0,0,0.0019801980669962743
1,1,0.9920792076969643
2,2,0.001980198089437771
3,3,0.0019801980814934325
4,4,0.0019801980651081665
