,topic,prob
0,0,0.6093037855430841
1,1,0.001980198251650692
2,2,0.0019802124484521464
3,3,0.38475560548492155
4,4,0.0019801982718914077
