,topic,prob
0,0,0.3253810643646943
1,1,0.0019801994522118337
2,2,0.5873801119276649
3,3,0.0019802000820025468
4,4,0.0832784241734263
