,topic,prob
0,0,0.20990173470863996
1,1,0.001980215738711347
2,2,0.001980198419179273
3,3,0.001980198404563033
4,4,0.7841576527289064
