,topic,prob
0,0,0.001980221502814608
1,1,0.237679814091871
2,2,0.00198019966770024
3,3,0.7563785768348559
4,4,0.0019811879027581522
