,topic,prob
0,0,0.0019801987429617666
1,1,0.9920790232851499
2,2,0.0019801991267486023
3,3,0.0019801991319278026
4,4,0.001980379713212019
