,topic,prob
0,0,0.0019801998005008403
1,1,0.6160519268011453
2,2,0.0019801981308777664
3,3,0.0019801981510846034
4,4,0.3780074771163915
