,topic,prob
0,0,0.002002393573254498
1,1,0.0019801982049421035
2,2,0.001980198342045924
3,3,0.0019801982991335364
4,4,0.992057011580624
