,topic,prob
0,0,0.001980199071960001
1,1,0.9739365784087703
2,2,0.020122824036177395
3,3,0.001980199457951619
4,4,0.0019801990251406363
