,topic,prob
0,0,0.0019801982373618956
1,1,0.992079206858953
2,2,0.0019801983623071446
3,3,0.0019801983144046922
4,4,0.0019801982269731693
