,topic,prob
0,0,0.001980202888108068
1,1,0.001980236483450613
2,2,0.0019802005188049553
3,3,0.01967514308288388
4,4,0.9743842170267526
