,topic,prob
0,0,0.6402971703110121
1,1,0.0019801982766928386
2,2,0.0019801982966501474
3,3,0.35376207689723604
4,4,0.0019803562184089476
