,topic,prob
0,0,0.0019883766026030348
1,1,0.001980198338917628
2,2,0.0019801982753590965
3,3,0.0019801982461299943
4,4,0.9920710285369903
