,topic,prob
0,0,0.1108867879384011
1,1,0.2594957436121021
2,2,0.001980198461391858
3,3,0.0019801984422958556
4,4,0.6256570715458091
