,topic,prob
0,0,0.8417178910805349
1,1,0.001980198313376069
2,2,0.001980198662323766
3,3,0.0019804101438245848
4,4,0.1523413017999408
