,topic,prob
0,0,0.0019802258579745295
1,1,0.9920789167324436
2,2,0.001980460443547854
3,3,0.001980198564709941
4,4,0.0019801984013241196
