,topic,prob
0,0,0.12140574296577555
1,1,0.001980200034349846
2,2,0.8726528691780564
3,3,0.001980981598494769
4,4,0.001980206223323437
