,topic,prob
0,0,0.002001432670117625
1,1,0.001980198183773052
2,2,0.0019801983015513927
3,3,0.0019802880565089804
4,4,0.992057882788049
