,topic,prob
0,0,0.34816263016669624
1,1,0.6458966571900322
2,2,0.0019803152574733337
3,3,0.001980198242905969
4,4,0.0019801991428921276
