,topic,prob
0,0,0.001980805527295602
1,1,0.8548729679426847
2,2,0.0019801988806534224
3,3,0.1391858287294997
4,4,0.001980198919866589
