,topic,prob
0,0,0.08909030670039725
1,1,0.0019801982637985536
2,2,0.0019802167584022944
3,3,0.904969079992117
4,4,0.001980198285285036
