,topic,prob
0,0,0.0019801984924417695
1,1,0.001980198466198712
2,2,0.0019801987374895276
3,3,0.0019801991817672247
4,4,0.9920792051221028
