,topic,prob
0,0,0.001980204337209778
1,1,0.001980229427194652
2,2,0.0205782022760825
3,3,0.0021220092525026726
4,4,0.9733393547070105
