,topic,prob
0,0,0.0019801982169767667
1,1,0.002015358631624297
2,2,0.001980198816241626
3,3,0.0019802552378298684
4,4,0.9920439890973274
