,topic,prob
0,0,0.001980198329285816
1,1,0.0019802023612248997
2,2,0.0019801982769276313
3,3,0.001980198603651002
4,4,0.9920792024289106
