,topic,prob
0,0,0.6653663446814744
1,1,0.2989542746550787
2,2,0.031715925978459424
3,3,0.00198228416366888
4,4,0.0019811705213187256
