,topic,prob
0,0,0.9920785778318745
1,1,0.001980198201719715
2,2,0.0019803232208029007
3,3,0.001980701775584633
4,4,0.001980198970018403
