,topic,prob
0,0,0.001980198283292452
1,1,0.99207920669554
2,2,0.001980198420009246
3,3,0.001980198349896463
4,4,0.0019801982512619052
