,topic,prob
0,0,0.0019801984774481646
1,1,0.001980198433853742
2,2,0.9920792056831623
3,3,0.0019801989444001543
4,4,0.001980198461135673
