,topic,prob
0,0,0.0019802004208302804
1,1,0.0019810334791125084
2,2,0.01187327516268289
3,3,0.0019934969764993757
4,4,0.982171993960875
