,topic,prob
0,0,0.001980198840036956
1,1,0.001980198136953934
2,2,0.9920792064783751
3,3,0.0019801981968212137
4,4,0.0019801983478129354
