,topic,prob
0,0,0.0019801988964623356
1,1,0.00198019814560005
2,2,0.9920787996462926
3,3,0.001980588582947865
4,4,0.0019802147286970407
