,topic,prob
0,0,0.0019804916934173015
1,1,0.9920788155396479
2,2,0.0019801988354585503
3,3,0.0019801987791745806
4,4,0.001980295152301701
