,topic,prob
0,0,0.0019802024492656272
1,1,0.9920777394024318
2,2,0.001980198911414073
3,3,0.0019816541219699695
4,4,0.001980205114918303
