,topic,prob
0,0,0.15548711799084727
1,1,0.001980198352252774
2,2,0.2953269805785412
3,3,0.001980198522823654
4,4,0.5452255045555352
