,topic,prob
0,0,0.001980198206394709
1,1,0.9920519070392844
2,2,0.001981007083040713
3,3,0.001980225133061759
4,4,0.0020066625382183343
