,topic,prob
0,0,0.9920788585561802
1,1,0.001980198784976676
2,2,0.0019805443017661137
3,3,0.0019801995231229297
4,4,0.00198019883395413
