,topic,prob
0,0,0.001980198204236082
1,1,0.0019801983034942196
2,2,0.001980198299139442
3,3,0.9920792070044445
4,4,0.001980198188685782
