,topic,prob
0,0,0.6650735053599035
1,1,0.0019802039821966923
2,2,0.061370558417631574
3,3,0.0019801990037414115
4,4,0.2695955332365267
