,topic,prob
0,0,0.8923203268379865
1,1,0.0019802011983296778
2,2,0.0019801984199084082
3,3,0.10173907450424108
4,4,0.001980199039534466
