,topic,prob
0,0,0.0019802141363541924
1,1,0.002018901036857083
2,2,0.0019802004016331192
3,3,0.9919922277051954
4,4,0.002028456719960245
