,topic,prob
0,0,0.9920788382386664
1,1,0.001980200262572158
2,2,0.00198024437967895
3,3,0.0019805184140672745
4,4,0.001980198705015298
