,topic,prob
0,0,0.27783375243337816
1,1,0.2992602526035564
2,2,0.4189455412416332
3,3,0.0019802141562796204
4,4,0.001980239565152614
