,topic,prob
0,0,0.001980199254274132
1,1,0.001980198277160136
2,2,0.7632980185636481
3,3,0.23076137993311724
4,4,0.0019802039718003926
