,topic,prob
0,0,0.31667102331143204
1,1,0.0019802284200454603
2,2,0.6773883515564676
3,3,0.0019801984296477985
4,4,0.0019801982824070377
