,topic,prob
0,0,0.0019801980622883206
1,1,0.9920792077288955
2,2,0.0019801980760069883
3,3,0.001980198069728537
4,4,0.001980198063080684
