,topic,prob
0,0,0.0019809104403970684
1,1,0.001980198280289441
2,2,0.0019801985600022627
3,3,0.7991195734938705
4,4,0.19493911922544074
