,topic,prob
0,0,0.001980198690101663
1,1,0.001980198135902615
2,2,0.9920788824390796
3,3,0.0019804959391736656
4,4,0.0019802247957423557
