,topic,prob
0,0,0.12978805828377502
1,1,0.001980198222755245
2,2,0.0019801983565127935
3,3,0.001980198330808893
4,4,0.864271346806148
