,topic,prob
0,0,0.2729167807459434
1,1,0.0019805062981396084
2,2,0.2806874057127388
3,3,0.001980199629258957
4,4,0.4424351076139193
