,topic,prob
0,0,0.7846544597362651
1,1,0.031214553078875055
2,2,0.18017058589036
3,3,0.001980200870855767
4,4,0.001980200423643997
