,topic,prob
0,0,0.001980309169403451
1,1,0.0019801990415415217
2,2,0.3955567242045005
3,3,0.001984360157567266
4,4,0.5984984074269872
