,topic,prob
0,0,0.0019802069813750645
1,1,0.0019802235010413414
2,2,0.9920791722490444
3,3,0.0019801986249893782
4,4,0.001980198643549603
