,topic,prob
0,0,0.9794931284185807
1,1,0.0019801997754623395
2,2,0.001980280454500822
3,3,0.001981572420233709
4,4,0.014564818931222365
