,topic,prob
0,0,0.00198019979571399
1,1,0.031691540652312805
2,2,0.0019801981342721154
3,3,0.0019801981539676176
4,4,0.9623678632637335
