,topic,prob
0,0,0.5938052833352988
1,1,0.001980202326853945
2,2,0.0019804700991404036
3,3,0.001980198713338776
4,4,0.4002538455253682
