,topic,prob
0,0,0.0019801992687228207
1,1,0.0020550521891216818
2,2,0.012067374227443929
3,3,0.9819171750700278
4,4,0.0019801992446837192
