,topic,prob
0,0,0.6752640715881614
1,1,0.001980242639896017
2,2,0.0019803150014809133
3,3,0.001980198285089643
4,4,0.31879517248537204
