,topic,prob
0,0,0.7437468295306624
1,1,0.0019802422726973488
2,2,0.2503125316301529
3,3,0.001980198392875436
4,4,0.0019801981736119363
