,topic,prob
0,0,0.0019801987588009694
1,1,0.0019824235674100726
2,2,0.0019802053418525693
3,3,0.0020153905027553744
4,4,0.992041781829181
