,topic,prob
0,0,0.001980198532010905
1,1,0.0020419589925066927
2,2,0.001980198834253828
3,3,0.9920174451246287
4,4,0.0019801985165998712
