,topic,prob
0,0,0.9920767483275305
1,1,0.001980198166439113
2,2,0.0019802080393970366
3,3,0.001982647286151966
4,4,0.0019801981804815866
