,topic,prob
0,0,0.9920781547239821
1,1,0.0019801981688248585
2,2,0.0019812505045460186
3,3,0.001980198205898444
4,4,0.0019801983967483922
