,topic,prob
0,0,0.001980198485898135
1,1,0.0019801983855293652
2,2,0.9920792064688116
3,3,0.001980198339682231
4,4,0.001980198320078706
