,topic,prob
0,0,0.0019801989048313425
1,1,0.0019801996073901735
2,2,0.5761174831889739
3,3,0.2955407486084884
4,4,0.12438136969031616
