,topic,prob
0,0,0.001980198242227476
1,1,0.9920775101903243
2,2,0.0019817525185615195
3,3,0.001980340171702206
4,4,0.0019801988771844504
