,topic,prob
0,0,0.001980198368551588
1,1,0.0019802284010921514
2,2,0.9920791763794775
3,3,0.0019801984953847405
4,4,0.001980198355494035
