,topic,prob
0,0,0.0019801984240819543
1,1,0.1626368292703757
2,2,0.001980204285968888
3,3,0.8314225696084249
4,4,0.0019801984111485144
