,topic,prob
0,0,0.9833997848836022
1,1,0.010659306077894367
2,2,0.0019804968476333875
3,3,0.001980198899775886
4,4,0.001980213291094147
