,topic,prob
0,0,0.0019802026816835923
1,1,0.0019802358333348012
2,2,0.0019802001822203067
3,3,0.522010677437916
4,4,0.4720486838648453
