,topic,prob
0,0,0.0019946869693276657
1,1,0.001980206010079377
2,2,0.001980198238280415
3,3,0.001980198223977289
4,4,0.9920647105583353
