,topic,prob
0,0,0.9821861489984959
1,1,0.0019848495433422183
2,2,0.001980483409335062
3,3,0.011843651938620825
4,4,0.002004866110206258
