,topic,prob
0,0,0.0019801982705361814
1,1,0.001980198214123696
2,2,0.10098657185648112
3,3,0.8930728194383363
4,4,0.0019802122205226902
