,topic,prob
0,0,0.25226160182507235
1,1,0.001980198577784253
2,2,0.5699715785879902
3,3,0.001982335018567119
4,4,0.17380428599058614
