,topic,prob
0,0,0.9920786063275996
1,1,0.0019801982328926824
2,2,0.0019805508425649963
3,3,0.001980445985323415
4,4,0.001980198611619376
