,topic,prob
0,0,0.586134517548892
1,1,0.40792488725304454
2,2,0.0019801983846879515
3,3,0.0019801983415003934
4,4,0.001980198471875095
