,topic,prob
0,0,0.16039449072112796
1,1,0.001980202558141003
2,2,0.7742627490474012
3,3,0.001980199025586008
4,4,0.06138235864774384
