,topic,prob
0,0,0.9920792042790281
1,1,0.0019801985632774788
2,2,0.001980198840506667
3,3,0.00198019989763585
4,4,0.0019801984195520206
