,topic,prob
0,0,0.19827983746198508
1,1,0.2775412580499456
2,2,0.5202185035339152
3,3,0.001980198569704592
4,4,0.001980202384449543
