,topic,prob
0,0,0.35633350984942197
1,1,0.0019802005109262094
2,2,0.6377258835999516
3,3,0.0019801988631828163
4,4,0.00198020717651744
