,topic,prob
0,0,0.4607542819198871
1,1,0.0019801983624714936
2,2,0.001980216293834184
3,3,0.5333051051099935
4,4,0.001980198313813844
