,topic,prob
0,0,0.0019805762717863148
1,1,0.001980198170321095
2,2,0.001980562839376829
3,3,0.001980198249233766
4,4,0.992078464469282
