,topic,prob
0,0,0.0019801983871372275
1,1,0.6545873986474317
2,2,0.0019811261470791324
3,3,0.33943524768921013
4,4,0.002016029129141812
