,topic,prob
0,0,0.0019808594688628762
1,1,0.001980198483826807
2,2,0.9920054215512195
3,3,0.0019801993626332973
4,4,0.0020533211334576073
