,topic,prob
0,0,0.0019801987706005277
1,1,0.001980199501863113
2,2,0.0019801993370108374
3,3,0.75098417278564
4,4,0.24307522960488548
