,topic,prob
0,0,0.8665956272997251
1,1,0.0019802002169052647
2,2,0.001980469616542813
3,3,0.00198019866527898
4,4,0.12746350420154776
