,topic,prob
0,0,0.0019801985397031813
1,1,0.9920792054746808
2,2,0.0019801988111453183
3,3,0.001980198688039347
4,4,0.001980198486431395
