,topic,prob
0,0,0.9026640314274884
1,1,0.0019801991615247907
2,2,0.0020020950076695665
3,3,0.09137331240118839
4,4,0.0019803620021288763
