,topic,prob
0,0,0.001980198149200849
1,1,0.001980198139150196
2,2,0.0019802179849278817
3,3,0.9920791875716207
4,4,0.0019801981551003244
