,topic,prob
0,0,0.7147605884105115
1,1,0.0019801982366937755
2,2,0.0019801983867012755
3,3,0.0019801983503573827
4,4,0.27929881661573625
