,topic,prob
0,0,0.3333483107951015
1,1,0.001980198392938157
2,2,0.0019803621569205697
3,3,0.1431500967219275
4,4,0.5195410319331122
