,topic,prob
0,0,0.001980202710610349
1,1,0.0019808155414174898
2,2,0.8732761161455984
3,3,0.0019801994414922973
4,4,0.1207826661608815
