,topic,prob
0,0,0.9920790630797097
1,1,0.0019801983347172416
2,2,0.001980198152493866
3,3,0.0019803420944963027
4,4,0.0019801983385829055
