,topic,prob
0,0,0.001980198396242839
1,1,0.9920790886963132
2,2,0.001980315988674951
3,3,0.0019801985359468536
4,4,0.0019801983828222703
