,topic,prob
0,0,0.3089176954077316
1,1,0.6755632587481212
2,2,0.0019801984932308926
3,3,0.0019801984813922167
4,4,0.011558648869523973
