,topic,prob
0,0,0.0019802031350382708
1,1,0.0019803343862654977
2,2,0.5168706783693456
3,3,0.002126079893112074
4,4,0.4770427042162385
