,topic,prob
0,0,0.611584864053544
1,1,0.0019801983833192677
2,2,0.0019801983437082735
3,3,0.0019801983179084854
4,4,0.38247454090152
