,topic,prob
0,0,0.001980199239877525
1,1,0.0019802969142336535
2,2,0.9920791050432577
3,3,0.0019801996432866707
4,4,0.001980199159344483
