,topic,prob
0,0,0.0019801988103122156
1,1,0.05137735396355336
2,2,0.9426820493487323
3,3,0.0019801990995936733
4,4,0.0019801987778083445
