,topic,prob
0,0,0.0019802039514386083
1,1,0.001980897456355198
2,2,0.0019802004317330114
3,3,0.0019905633163660843
4,4,0.992068134844107
