,topic,prob
0,0,0.0019802033809939775
1,1,0.0019802077074976563
2,2,0.001980200115321081
3,3,0.272413945070277
4,4,0.7216454437259103
