,topic,prob
0,0,0.0019981640459474327
1,1,0.0019802010853012934
2,2,0.0019801982962795502
3,3,0.0019801982654440746
4,4,0.9920612383070276
