,topic,prob
0,0,0.0019801984532758082
1,1,0.002016634423474519
2,2,0.001980198717300816
3,3,0.9920427699647123
4,4,0.0019801984412366456
