,topic,prob
0,0,0.9920787944893757
1,1,0.0019802009750453254
2,2,0.0019802048385485233
3,3,0.0019806007931150718
4,4,0.0019801989039154597
