,topic,prob
0,0,0.001980199027693222
1,1,0.001980203082352674
2,2,0.9920792009646305
3,3,0.001980198504880619
4,4,0.0019801984204430114
