,topic,prob
0,0,0.0019801983646635522
1,1,0.001980198511091674
2,2,0.001980198324364183
3,3,0.9920792065885554
4,4,0.001980198211325279
