,topic,prob
0,0,0.001980198203428825
1,1,0.0019802150628827394
2,2,0.9920791898966905
3,3,0.0019801982690939674
4,4,0.0019801985679040283
