,topic,prob
0,0,0.0019801983993057133
1,1,0.7595894078988551
2,2,0.23445545447278843
3,3,0.0019802675915063296
4,4,0.001994671637544359
