,topic,prob
0,0,0.5221708720465682
1,1,0.0019801983060615414
2,2,0.0019801985125009283
3,3,0.0019801984610634538
4,4,0.47188853267380576
