,topic,prob
0,0,0.0019801989359696168
1,1,0.0019801981186562986
2,2,0.9920792063909482
3,3,0.0019801981695861813
4,4,0.001980198384839879
