,topic,prob
0,0,0.001980220828643701
1,1,0.0019805531000795344
2,2,0.35842674130863256
3,3,0.3909272785382664
4,4,0.2466852062243778
