,topic,prob
0,0,0.0019801984561220167
1,1,0.001980198110382182
2,2,0.001980198175452368
3,3,0.0019805437329801193
4,4,0.9920788615250633
