,topic,prob
0,0,0.33717526688541594
1,1,0.21992010509505633
2,2,0.4389442270554227
3,3,0.0019801985685208106
4,4,0.001980202395584152
