,topic,prob
0,0,0.0019801982880632706
1,1,0.9920792067313079
2,2,0.001980198399311994
3,3,0.0019801983382513526
4,4,0.00198019824306534
