,topic,prob
0,0,0.001980198729166457
1,1,0.001980310229499711
2,2,0.27920440733995927
3,3,0.0019802806708903707
4,4,0.7148548030304842
