,topic,prob
0,0,0.001980198421034594
1,1,0.6481383876003379
2,2,0.001980199885287843
3,3,0.34592101567835837
4,4,0.0019801984149814115
