,topic,prob
0,0,0.001980198279352003
1,1,0.99207920665307
2,2,0.00198019842883568
3,3,0.0019801983710642634
4,4,0.0019801982676779734
