,topic,prob
0,0,0.00198021000709063
1,1,0.001980198303291404
2,2,0.060348581391354385
3,3,0.0019801996494517356
4,4,0.9337108106488118
