,topic,prob
0,0,0.0019801989519779195
1,1,0.0019802026174590547
2,2,0.9920792015355782
3,3,0.0019801984906145484
4,4,0.001980198404370468
