,topic,prob
0,0,0.0019801984378398684
1,1,0.9920791553211356
2,2,0.0019802493644658753
3,3,0.001980198511581559
4,4,0.001980198364977138
