,topic,prob
0,0,0.2591692667162606
1,1,0.001980198499954599
2,2,0.0019801986529899723
3,3,0.001980198401900354
4,4,0.7348901377288946
