,topic,prob
0,0,0.001980335002790924
1,1,0.0019801981131966637
2,2,0.0019801981989722365
3,3,0.0019803162478421225
4,4,0.992078952437198
