,topic,prob
0,0,0.7451129388854448
1,1,0.0019802012217013413
2,2,0.0019801986361960384
3,3,0.0019815579686195783
4,4,0.24894510328803815
