,topic,prob
0,0,0.9522828583580097
1,1,0.0019801982460627464
2,2,0.04177653179649652
3,3,0.001980198363026701
4,4,0.0019802132364043178
