,topic,prob
0,0,0.001980198724866622
1,1,0.001985973256687707
2,2,0.0019801991054178092
3,3,0.992073430215526
4,4,0.0019801986975017845
