,topic,prob
0,0,0.8034910449495875
1,1,0.001980198348870415
2,2,0.0019809760203940334
3,3,0.0019801985248692564
4,4,0.19056758215627867
