,topic,prob
0,0,0.0019803185437538492
1,1,0.15340158418151126
2,2,0.5507310052053851
3,3,0.0019803439678843324
4,4,0.29190674810146544
