,topic,prob
0,0,0.9821535124759554
1,1,0.001980199458687178
2,2,0.011905888080822616
3,3,0.001980200465752425
4,4,0.001980199518782318
