,topic,prob
0,0,0.0019801984311757005
1,1,0.6921418225052556
2,2,0.3018716644801677
3,3,0.0019802436528273105
4,4,0.002026070930573633
