,topic,prob
0,0,0.0019801982762899075
1,1,0.0019802152855648595
2,2,0.9920791898028067
3,3,0.0019801983698954514
4,4,0.001980198265443011
