,topic,prob
0,0,0.6233923136556212
1,1,0.0019801982594237705
2,2,0.0019802162262073674
3,3,0.3706670735782558
4,4,0.0019801982804918843
