,topic,prob
0,0,0.001980198161093962
1,1,0.0019802138723441906
2,2,0.0019801982242085756
3,3,0.9920791915952405
4,4,0.0019801981471128513
