,topic,prob
0,0,0.8123713819304497
1,1,0.0019801984477131143
2,2,0.181650486746769
3,3,0.001980198418772298
4,4,0.002017734456295809
