,topic,prob
0,0,0.001980200114580022
1,1,0.001981262230010101
2,2,0.001980202759468045
3,3,0.5452665020067241
4,4,0.4487918328892177
