,topic,prob
0,0,0.7497796392127427
1,1,0.0019802007609901434
2,2,0.24427959462325918
3,3,0.001980358012179499
4,4,0.001980207390828395
