,topic,prob
0,0,0.00198019883351881
1,1,0.05314512029187474
2,2,0.001980199597914266
3,3,0.001980219286392227
4,4,0.9409142619902999
