,topic,prob
0,0,0.30640651556870435
1,1,0.0019801982860201597
2,2,0.0019801986123207014
3,3,0.0019801984314244767
4,4,0.6876528891015303
