,topic,prob
0,0,0.001980198695082149
1,1,0.0019803370025264447
2,2,0.7346578396254168
3,3,0.00198019899242547
4,4,0.25940142568454916
