,topic,prob
0,0,0.001980198440040061
1,1,0.9920792061019219
2,2,0.0019801985915373194
3,3,0.001980198505644136
4,4,0.0019801983608564652
