,topic,prob
0,0,0.0019802136116716922
1,1,0.001980210308206321
2,2,0.9920791793189099
3,3,0.00198019825117333
4,4,0.001980198510038747
