,topic,prob
0,0,0.9429606194191529
1,1,0.0019801983428990697
2,2,0.0019801984374859328
3,3,0.05109878551978674
4,4,0.0019801982806754177
