,topic,prob
0,0,0.9920789051767894
1,1,0.0019801996390786496
2,2,0.0019802791147385443
3,3,0.00198041753843962
4,4,0.0019801985309537496
