,topic,prob
0,0,0.15034636184846303
1,1,0.019922996414949146
2,2,0.796066645576172
3,3,0.031683796437881724
4,4,0.00198019972253405
