,topic,prob
0,0,0.0019801983435845287
1,1,0.001980279531010193
2,2,0.0019801984003627836
3,3,0.9920791254622118
4,4,0.0019801982628307392
