,topic,prob
0,0,0.001980291184769114
1,1,0.001980512914423376
2,2,0.9920787988899297
3,3,0.0019801984741292067
4,4,0.0019801985367485435
