,topic,prob
0,0,0.5365410136617221
1,1,0.0019801982604531186
2,2,0.0019802162413402017
3,3,0.4575183735552819
4,4,0.001980198281202705
