,topic,prob
0,0,0.0019802001305073117
1,1,0.001980508564322219
2,2,0.0019802007210048297
3,3,0.9920770107061812
4,4,0.001982079877984507
