,topic,prob
0,0,0.1404787715158843
1,1,0.4640962363320841
2,2,0.36146091903908295
3,3,0.03193708894744467
4,4,0.0020269841655038132
