,topic,prob
0,0,0.0020143728556420598
1,1,0.0019801998569015035
2,2,0.001980269699597334
3,3,0.992044957273382
4,4,0.001980200314477147
