,topic,prob
0,0,0.9920783627928894
1,1,0.0019801982096496564
2,2,0.0019810424662772535
3,3,0.001980198191993847
4,4,0.0019801983391898974
