,topic,prob
0,0,0.001980205489294039
1,1,0.0019804411605438966
2,2,0.0019802003938964668
3,3,0.992077143003082
4,4,0.001982009953183568
