,topic,prob
0,0,0.9920788429824264
1,1,0.001980198144252811
2,2,0.0019801994815249703
3,3,0.001980561235182979
4,4,0.001980198156612815
