,topic,prob
0,0,0.0019801998085414415
1,1,0.7547148920598455
2,2,0.0019801981311840526
3,3,0.0019801981515062987
4,4,0.2393445118489227
