,topic,prob
0,0,0.0019803840948725915
1,1,0.0019801989132305618
2,2,0.21965109016739673
3,3,0.1397089197280336
4,4,0.6366794070964664
