,topic,prob
0,0,0.5113855433672685
1,1,0.0019801985731836254
2,2,0.027692804504162883
3,3,0.4569612506428862
4,4,0.0019802029124987154
