,topic,prob
0,0,0.001980213456264099
1,1,0.9920791890229647
2,2,0.001980201144548171
3,3,0.0019801982112618724
4,4,0.0019801981649610755
