,topic,prob
0,0,0.001980198759050055
1,1,0.001980472520935425
2,2,0.0019801986873420056
3,3,0.0019805672116806473
4,4,0.9920785628209919
