,topic,prob
0,0,0.001980198273856791
1,1,0.0019801984425406637
2,2,0.9920792066524416
3,3,0.00198019836840865
4,4,0.00198019826275238
