,topic,prob
0,0,0.0019801987018670504
1,1,0.031670906388661484
2,2,0.9623884972909271
3,3,0.001980198947558826
4,4,0.001980198670985608
