,topic,prob
0,0,0.728427152886944
1,1,0.0019801982792078637
2,2,0.001980198607072478
3,3,0.0019802300116470743
4,4,0.2656322202151286
