,topic,prob
0,0,0.0019802028749865783
1,1,0.0019801981046879296
2,2,0.0019801981650487454
3,3,0.0019803162324536624
4,4,0.9920790846228231
