,topic,prob
0,0,0.19631493517290513
1,1,0.09853028224009484
2,2,0.36851441219991593
3,3,0.3346600049594486
4,4,0.00198036542763559
