,topic,prob
0,0,0.09088840977894631
1,1,0.001980198407765283
2,2,0.001980336762222076
3,3,0.0019813202810042624
4,4,0.903169734770062
