,topic,prob
0,0,0.9920780613966034
1,1,0.001980198150680505
2,2,0.001981343818307758
3,3,0.001980198212078308
4,4,0.001980198422330057
