,topic,prob
0,0,0.0019801982313092715
1,1,0.9920792068975854
2,2,0.0019801983473121624
3,3,0.0019801983039503483
4,4,0.001980198219842893
