,topic,prob
0,0,0.9227766018890314
1,1,0.0019801986025794922
2,2,0.001980365404201396
3,3,0.07128242221943246
4,4,0.0019804118847551572
