,topic,prob
0,0,0.001980200723912564
1,1,0.0019801983347968307
2,2,0.001980200084386381
3,3,0.3944368668125574
4,4,0.5996225340443467
