,topic,prob
0,0,0.9920787292581732
1,1,0.0019801982356551875
2,2,0.00198020952399231
3,3,0.0019806641062485833
4,4,0.001980198875930727
