,topic,prob
0,0,0.0019802052918273336
1,1,0.0019803341470887074
2,2,0.001980198485106629
3,3,0.001980296221670039
4,4,0.9920789658543072
