,topic,prob
0,0,0.001980198352416437
1,1,0.0019802138130363967
2,2,0.9920791910766443
3,3,0.001980198436706371
4,4,0.0019801983211965575
