,topic,prob
0,0,0.21566638593230983
1,1,0.0019801985514860706
2,2,0.7598238887903983
3,3,0.02054648250149644
4,4,0.0019830442243093265
