,topic,prob
0,0,0.0019801989998192004
1,1,0.2001600092981636
2,2,0.7938993933848635
3,3,0.0019801993600302792
4,4,0.0019801989571235127
