,topic,prob
0,0,0.9920788386021094
1,1,0.0019801982671862023
2,2,0.001980198156459928
3,3,0.0019805662629991602
4,4,0.0019801987112452292
