,topic,prob
0,0,0.0019846894659580195
1,1,0.8951254499021454
2,2,0.001980199235038389
3,3,0.009824910198675258
4,4,0.09108475119818295
