,topic,prob
0,0,0.8436370672374713
1,1,0.15042085963918
2,2,0.0019802025645202772
3,3,0.001981663831947598
4,4,0.0019802067268807765
