,topic,prob
0,0,0.0019801983609035218
1,1,0.001980550653458157
2,2,0.001980198357522841
3,3,0.9920788543963763
4,4,0.0019801982317390106
