,topic,prob
0,0,0.7841566875847578
1,1,0.20990271721405518
2,2,0.0019801983856212865
3,3,0.001980198342211985
4,4,0.0019801984733537636
