,topic,prob
0,0,0.3224547922525933
1,1,0.06705734066098541
2,2,0.18485194600817648
3,3,0.21425239497031043
4,4,0.2113835261079344
