,topic,prob
0,0,0.001980198833561096
1,1,0.0019871021651788794
2,2,0.0019801992726634016
3,3,0.9920723009266159
4,4,0.001980198801980687
