,topic,prob
0,0,0.001980510724878798
1,1,0.001980198213850624
2,2,0.9920788784889342
3,3,0.0019801992262237366
4,4,0.0019802133461127623
