,topic,prob
0,0,0.001980199402694218
1,1,0.0019804557293863433
2,2,0.0019801984518764536
3,3,0.0019802013031050576
4,4,0.9920789451129379
