,topic,prob
0,0,0.0019805370778901914
1,1,0.6245293448861509
2,2,0.369529569373943
3,3,0.0019803410683041666
4,4,0.0019802075937119003
