,topic,prob
0,0,0.0019801985308467327
1,1,0.7952375861558951
2,2,0.19882181820822797
3,3,0.0019801986450302257
4,4,0.0019801984599998683
