,topic,prob
0,0,0.0019802860812278594
1,1,0.0019801983461031933
2,2,0.0019801986612227023
3,3,0.0019823717068625153
4,4,0.9920769452045837
