,topic,prob
0,0,0.001980198080751091
1,1,0.99207920762966
2,2,0.0019801981113540612
3,3,0.0019801981007190063
4,4,0.001980198077515849
