,topic,prob
0,0,0.9920785577629996
1,1,0.0019801982482064227
2,2,0.001980847525102885
3,3,0.0019801981788618063
4,4,0.0019801982848293045
