,topic,prob
0,0,0.615125254513935
1,1,0.2195313057320086
2,2,0.0019805654913419477
3,3,0.16131439626615063
4,4,0.0020484779965640014
