,topic,prob
0,0,0.189641858560683
1,1,0.6432988955654687
2,2,0.0019801988669228762
3,3,0.001980198700331887
4,4,0.16309884830659357
