,topic,prob
0,0,0.0019801980651852485
1,1,0.9920792077092497
2,2,0.001980198084269867
3,3,0.0019801980769667687
4,4,0.001980198064328314
