,topic,prob
0,0,0.001980198127369274
1,1,0.9920792074071627
2,2,0.001980198181893935
3,3,0.001980198162575546
4,4,0.0019801981209984863
