,topic,prob
0,0,0.0019962960621656626
1,1,0.0019801982024969683
2,2,0.001980198432560096
3,3,0.0019801983004137692
4,4,0.9920631090023635
