,topic,prob
0,0,0.001980198057341427
1,1,0.9920792077624253
2,2,0.0019801980619076442
3,3,0.0019801980573758305
4,4,0.0019801980609496918
