,topic,prob
0,0,0.9920789365870516
1,1,0.0019801993124973333
2,2,0.0019802974186213995
3,3,0.001980368242048342
4,4,0.0019801984397815127
