,topic,prob
0,0,0.9920789667449497
1,1,0.001980198307707609
2,2,0.0019801981540816167
3,3,0.00198043830560847
4,4,0.0019801984876526534
