,topic,prob
0,0,0.0020376914001646214
1,1,0.0019801994224512187
2,2,0.3981860206385037
3,3,0.5958158835314151
4,4,0.0019802050074654047
