,topic,prob
0,0,0.00198019879046265
1,1,0.2923026496023029
2,2,0.7017567537760668
3,3,0.0019801990724139973
4,4,0.0019801987587537333
