,topic,prob
0,0,0.6543517006999764
1,1,0.0019801982216700645
2,2,0.0019801983547014027
3,3,0.001980198329215893
4,4,0.33970770439443626
