,topic,prob
0,0,0.2678670149025193
1,1,0.001980198308991989
2,2,0.0019801985177660846
3,3,0.001980278809961531
4,4,0.7261923094607611
