,topic,prob
0,0,0.0019801981722819286
1,1,0.0019802051853857034
2,2,0.0019801982526753675
3,3,0.992079200224167
4,4,0.001980198165490072
