,topic,prob
0,0,0.5150339429946238
1,1,0.0019802005428217347
2,2,0.47902507187200943
3,3,0.001980576834531371
4,4,0.0019802077560136223
