,topic,prob
0,0,0.001980300246816686
1,1,0.0019801988042053515
2,2,0.001980204723731063
3,3,0.521133550829044
4,4,0.4729257453962029
