,topic,prob
0,0,0.0019801992959105003
1,1,0.0019802168875121657
2,2,0.0019801982680128986
3,3,0.0019802011448400367
4,4,0.9920791844037244
