,topic,prob
0,0,0.001980199806740093
1,1,0.6853832225990609
2,2,0.0019801981399245414
3,3,0.0019801981590742168
4,4,0.3086761812952003
