,topic,prob
0,0,0.9920674755816995
1,1,0.0019801983840244046
2,2,0.0019801986798220366
3,3,0.0019821699029911096
4,4,0.0019899574514628485
