,topic,prob
0,0,0.001980199396101691
1,1,0.001982442717525542
2,2,0.00198020572366211
3,3,0.4912495963669168
4,4,0.5028075557957938
