,topic,prob
0,0,0.001980198059633572
1,1,0.9920792077468921
2,2,0.0019801980684389137
3,3,0.001980198063098278
4,4,0.0019801980619371653
