,topic,prob
0,0,0.0019802009333697254
1,1,0.0019801981071907414
2,2,0.0019801981696213923
3,3,0.0019804216791335584
4,4,0.9920789811106845
