,topic,prob
0,0,0.001980198436157213
1,1,0.001980213591133917
2,2,0.0019801982141235274
3,3,0.0019805127474872932
4,4,0.9920788770110981
