,topic,prob
0,0,0.001980199892165399
1,1,0.4876297700177265
2,2,0.506429632857799
3,3,0.0019801987204285036
4,4,0.001980198511880807
