,topic,prob
0,0,0.9920674025274546
1,1,0.0019802007072032978
2,2,0.001980202713192385
3,3,0.0019919926486960237
4,4,0.001980201403453796
