,topic,prob
0,0,0.001980201300932175
1,1,0.001980206001462444
2,2,0.0019801984981723964
3,3,0.001980198421405433
4,4,0.9920791957780275
