,topic,prob
0,0,0.3414678910371844
1,1,0.0019801983735246455
2,2,0.001980365642147405
3,3,0.0019809760787333095
4,4,0.6525905688684103
