,topic,prob
0,0,0.0019802019257115383
1,1,0.001980262381994355
2,2,0.00198020032667566
3,3,0.07112916786622325
4,4,0.9229301674993952
