,topic,prob
0,0,0.33965772777061604
1,1,0.0019801986381275858
2,2,0.35007760722778525
3,3,0.0019803064389470686
4,4,0.3063041599245241
