,topic,prob
0,0,0.0019801988362210836
1,1,0.0019801985492765694
2,2,0.9920792052643899
3,3,0.001980198789185321
4,4,0.0019801985609271917
