,topic,prob
0,0,0.9429356447942366
1,1,0.0019801983409765216
2,2,0.0019801986190773743
3,3,0.05112373762359644
4,4,0.0019802206221129957
