,topic,prob
0,0,0.08816365920246658
1,1,0.7143162231153551
2,2,0.0019817450598567125
3,3,0.19355801489378222
4,4,0.0019803577285393333
