,topic,prob
0,0,0.0019801982684968245
1,1,0.5424717914854681
2,2,0.0019806376099605924
3,3,0.0019802555067096445
4,4,0.4515871171293649
