,topic,prob
0,0,0.001980237236743132
1,1,0.001980209144325752
2,2,0.0019801989135907134
3,3,0.6868594681395628
4,4,0.30719988656577757
