,topic,prob
0,0,0.42781604127207934
1,1,0.19479794174743756
2,2,0.0019801988341176737
3,3,0.001980198678253208
4,4,0.3734256194681121
