,topic,prob
0,0,0.001980198400483985
1,1,0.0019802412559865325
2,2,0.0019801982831698403
3,3,0.001980414257203547
4,4,0.9920789478031561
