,topic,prob
0,0,0.001980198427774056
1,1,0.0020293993886103933
2,2,0.001982873026903269
3,3,0.9920273307347443
4,4,0.0019801984219680424
