,topic,prob
0,0,0.0019801985086832716
1,1,0.9032420199279083
2,2,0.09081734297272724
3,3,0.001980209524470949
4,4,0.001980229066210204
