,topic,prob
0,0,0.5529962004507493
1,1,0.00201619982031807
2,2,0.00198019911888258
3,3,0.3719851849487172
4,4,0.07102221566133289
