,topic,prob
0,0,0.16218622722377488
1,1,0.0019801984325466724
2,2,0.0019804124701134
3,3,0.0019801983272539903
4,4,0.831872963546311
