,topic,prob
0,0,0.0019801983374750317
1,1,0.16122089441368548
2,2,0.8328385066323555
3,3,0.0019801982882268446
4,4,0.001980202328257056
