,topic,prob
0,0,0.48004519924290606
1,1,0.0019801984552875068
2,2,0.001980198457846978
3,3,0.0019801984141838906
4,4,0.5140142054297756
