,topic,prob
0,0,0.06138022611468441
1,1,0.0019802157490306574
2,2,0.0019801984310024168
3,3,0.001980198414963955
4,4,0.9326791612903186
