,topic,prob
0,0,0.49629025775866975
1,1,0.23980567833434865
2,2,0.2599435594297836
3,3,0.0019802647096327213
4,4,0.0019802397675651295
