,topic,prob
0,0,0.0019802005949899194
1,1,0.001980310459398998
2,2,0.001980200372896227
3,3,0.8820464357826951
4,4,0.1120128527900197
