,topic,prob
0,0,0.37813545486453554
1,1,0.2969490425801103
2,2,0.18191419049656998
3,3,0.14097307324938008
4,4,0.0020282388094040615
