,topic,prob
0,0,0.0019801987361721843
1,1,0.001980198848681709
2,2,0.0019802057565120267
3,3,0.6611796202839086
4,4,0.3328797763747255
