,topic,prob
0,0,0.9920693876002444
1,1,0.0019801983427144296
2,2,0.001980198603955885
3,3,0.001981843711453449
4,4,0.001988371741631774
