,topic,prob
0,0,0.0019801985238608035
1,1,0.5425067305645961
2,2,0.0019801987995461084
3,3,0.45155267360373463
4,4,0.0019801985082623266
