,topic,prob
0,0,0.992070915939733
1,1,0.001980198226455236
2,2,0.0019801983764734686
3,3,0.0019801983386897514
4,4,0.0019884891186484803
