,topic,prob
0,0,0.0019803446592848496
1,1,0.001980198113804466
2,2,0.001980198201395416
3,3,0.001980316248983081
4,4,0.9920789427765322
