,topic,prob
0,0,0.0019801982515115337
1,1,0.0019907417489816383
2,2,0.0019801983774460235
3,3,0.9920686633780057
4,4,0.0019801982440550594
