,topic,prob
0,0,0.6983400109575231
1,1,0.0019801982409526193
2,2,0.2957193936557198
3,3,0.001980198349043967
4,4,0.0019801987967605077
