,topic,prob
0,0,0.0019802244437707463
1,1,0.5940485580227132
2,2,0.40001067680013797
3,3,0.0019803406917410678
4,4,0.001980200041636978
