,topic,prob
0,0,0.0019802032815340806
1,1,0.061399951175152234
2,2,0.0019801985072078706
3,3,0.9326594487119022
4,4,0.001980198324203648
