,topic,prob
0,0,0.38019772504421245
1,1,0.0019801983930603684
2,2,0.0019814635304069737
3,3,0.0019801985906629338
4,4,0.6138604144416573
