,topic,prob
0,0,0.0019802061532662053
1,1,0.0019830468667672487
2,2,0.001980206890531095
3,3,0.9920626621744527
4,4,0.001993877914982751
