,topic,prob
0,0,0.21538987802577386
1,1,0.0019802123098089704
2,2,0.001980258394572857
3,3,0.001980198401681703
4,4,0.7786694528681625
