,topic,prob
0,0,0.001980198423344183
1,1,0.34258056671614134
2,2,0.001980204089709422
3,3,0.6514788323616474
4,4,0.0019801984091576447
