,topic,prob
0,0,0.001980198338828123
1,1,0.851065361462094
2,2,0.1429940396462712
3,3,0.0019801982872117065
4,4,0.001980202265594912
