,topic,prob
0,0,0.7509315976930871
1,1,0.0019801982444649963
2,2,0.0019805603097572786
3,3,0.001980198363145681
4,4,0.24312744538954487
