,topic,prob
0,0,0.6061890531580181
1,1,0.27821576413256843
2,2,0.11163475716301899
3,3,0.001980226256059379
4,4,0.0019801992903349937
