,topic,prob
0,0,0.0019999242590452164
1,1,0.7446280060507523
2,2,0.0019801983322993524
3,3,0.0019801983003047818
4,4,0.24941167305759832
