,topic,prob
0,0,0.9103675809746561
1,1,0.00198019836072901
2,2,0.001980198621062678
3,3,0.001981084043382454
4,4,0.08369093800016972
