,topic,prob
0,0,0.0019801990290039062
1,1,0.0019801998587452544
2,2,0.9920792035279552
3,3,0.0019801988645844616
4,4,0.001980198719711108
