,topic,prob
0,0,0.6555940667548759
1,1,0.0019802038715363746
2,2,0.3285894895953976
3,3,0.011856040657170252
4,4,0.0019801991210198935
