,topic,prob
0,0,0.001980198065788886
1,1,0.9920792077051552
2,2,0.0019801980859921937
3,3,0.00198019807847542
4,4,0.0019801980645882578
