,topic,prob
0,0,0.0019801982054556376
1,1,0.0019802271502419705
2,2,0.9920791780952058
3,3,0.001980198198633347
4,4,0.0019801983504631176
