,topic,prob
0,0,0.585661954211011
1,1,0.0019801982963847946
2,2,0.0019804114481690093
3,3,0.0019802108745076165
4,4,0.40839722516992755
