,topic,prob
0,0,0.9225612540595178
1,1,0.0019802155082341852
2,2,0.07149465719239603
3,3,0.001980198354218287
4,4,0.0019836748856337416
