,topic,prob
0,0,0.0019801985788799963
1,1,0.0019806511404732584
2,2,0.001980198811337747
3,3,0.3166691883931937
4,4,0.6773897630761153
