,topic,prob
0,0,0.001980198778477059
1,1,0.16038862831639236
2,2,0.833670775252144
3,3,0.0019801989661200597
4,4,0.0019801986868665366
