,topic,prob
0,0,0.0019802015191485328
1,1,0.0019801981216007432
2,2,0.001980198183020188
3,3,0.9920792040560912
4,4,0.001980198120139337
