,topic,prob
0,0,0.0019801981471867236
1,1,0.9920792073144755
2,2,0.0019801982106175584
3,3,0.001980198187752436
4,4,0.001980198139967895
