,topic,prob
0,0,0.38850637364423013
1,1,0.001980198526979244
2,2,0.001980198789413152
3,3,0.6055450213024112
4,4,0.0019882077369662693
