,topic,prob
0,0,0.054122564274607245
1,1,0.0019801983916651975
2,2,0.6457507525052221
3,3,0.2961662738173286
4,4,0.001980211011176886
