,topic,prob
0,0,0.001980198464951666
1,1,0.0019802394806839162
2,2,0.9920791653844375
3,3,0.00198019838993947
4,4,0.001980198279987464
