,topic,prob
0,0,0.5832863960648306
1,1,0.410773008072657
2,2,0.0019801986243751387
3,3,0.00198019848039554
4,4,0.0019801987577419034
