,topic,prob
0,0,0.0019802038792877045
1,1,0.001980198103393598
2,2,0.0019801981626839716
3,3,0.0019802638385335303
4,4,0.9920791360161011
