,topic,prob
0,0,0.0019809269505769033
1,1,0.0019801984656909266
2,2,0.5910009703740198
3,3,0.0019801997497086196
4,4,0.4030577044600038
