,topic,prob
0,0,0.9920789167790529
1,1,0.001980201955104032
2,2,0.0019804721486951257
3,3,0.001980198210752791
4,4,0.0019802109063951075
