,topic,prob
0,0,0.7702313177882265
1,1,0.001980198401705457
2,2,0.001981472587806295
3,3,0.0019802520488833085
4,4,0.2238267591733783
