,topic,prob
0,0,0.0019803392259192237
1,1,0.2302986573929735
2,2,0.614827426576126
3,3,0.15091321354948925
4,4,0.001980363255492001
