,topic,prob
0,0,0.001980200745257716
1,1,0.0019803033828662744
2,2,0.0019802003552660445
3,3,0.5518251714598804
4,4,0.4422341240567295
