,topic,prob
0,0,0.298230072179504
1,1,0.0019801982813686205
2,2,0.0019801984057797
3,3,0.6958293328746747
4,4,0.001980198258672933
