,topic,prob
0,0,0.434496679363405
1,1,0.001980198273758321
2,2,0.5595461262393576
3,3,0.0019801984064500874
4,4,0.001996797717029024
