,topic,prob
0,0,0.001980200642418356
1,1,0.001980204868216784
2,2,0.0019802000796597073
3,3,0.002036960156376738
4,4,0.9920224342533285
