,topic,prob
0,0,0.00198035839472286
1,1,0.0019808910555538547
2,2,0.30890188681564806
3,3,0.685156664747351
4,4,0.0019801989867240257
