,topic,prob
0,0,0.001980199218268829
1,1,0.0019801998289126085
2,2,0.001980200022559793
3,3,0.7036430905451769
4,4,0.2904163103850818
