,topic,prob
0,0,0.0019801985040641882
1,1,0.8928256670604562
2,2,0.001980199253939733
3,3,0.10123373669223526
4,4,0.0019801984893046466
