,topic,prob
0,0,0.0019802297616305755
1,1,0.0019801983960220123
2,2,0.9920791745066614
3,3,0.0019801983190966656
4,4,0.0019801990165893846
