,topic,prob
0,0,0.6531835487009848
1,1,0.001980200657657558
2,2,0.001980228506025818
3,3,0.34087582324809473
4,4,0.001980198887236943
