,topic,prob
0,0,0.7781838561345467
1,1,0.001980198384202471
2,2,0.031689712941676995
3,3,0.18616601912752753
4,4,0.001980213412046329
