,topic,prob
0,0,0.001980198293192407
1,1,0.33373801150004645
2,2,0.0019807479248326533
3,3,0.001980293751809736
4,4,0.6603207485301188
