,topic,prob
0,0,0.011154704235296846
1,1,0.9829045415681816
2,2,0.0019803562724420034
3,3,0.001980198363729008
4,4,0.0019801995603504967
