,topic,prob
0,0,0.0019802029605682477
1,1,0.6557871729241456
2,2,0.0019801996852622144
3,3,0.3382722169913856
4,4,0.001980207438638411
