,topic,prob
0,0,0.6949514957000849
1,1,0.001980198236613178
2,2,0.001980198386562892
3,3,0.001980198350232762
4,4,0.29910790932650616
