,topic,prob
0,0,0.0019802147038330714
1,1,0.7701503110734657
2,2,0.2139860544332461
3,3,0.011887488962445668
4,4,0.001995930827009454
