,topic,prob
0,0,0.0019801983500782566
1,1,0.0019805638986109845
2,2,0.001980198562308829
3,3,0.0019801984757935494
4,4,0.9920788407132084
