,topic,prob
0,0,0.0019801980572208035
1,1,0.9920792077632429
2,2,0.001980198061564017
3,3,0.001980198057074744
4,4,0.001980198060897723
