,topic,prob
0,0,0.38438560726171433
1,1,0.0019801982400565418
2,2,0.6096737832290713
3,3,0.0019801983537566393
4,4,0.001980212915401128
