,topic,prob
0,0,0.0019802005295834917
1,1,0.0019802355776838147
2,2,0.0019801982648053958
3,3,0.001980204375342725
4,4,0.9920791612525846
