,topic,prob
0,0,0.4635799446843686
1,1,0.0019801995141357975
2,2,0.0019803195335388675
3,3,0.13170128614973678
4,4,0.40075825011821997
