,topic,prob
0,0,0.6554425457782008
1,1,0.001980198598045441
2,2,0.0019801988131731125
3,3,0.0019808970958123465
4,4,0.33861615971476833
