,topic,prob
0,0,0.04157952876428892
1,1,0.011485176089460281
2,2,0.001980391077759061
3,3,0.942832220856617
4,4,0.0021226832118748065
