,topic,prob
0,0,0.00198019852393014
1,1,0.49240899944381045
2,2,0.0019801987996544636
3,3,0.501650404724275
4,4,0.0019801985083299123
