,topic,prob
0,0,0.0019802006942366062
1,1,0.0019802353602660183
2,2,0.001980200192329654
3,3,0.2225645318326458
4,4,0.7714948319205219
