,topic,prob
0,0,0.001980228157650964
1,1,0.506403263568565
2,2,0.4876409739025905
3,3,0.0019802691516833545
4,4,0.001995265219510151
