,topic,prob
0,0,0.001980198067841536
1,1,0.9920792076912293
2,2,0.0019801980918504073
3,3,0.001980198083606604
4,4,0.001980198065472119
