,topic,prob
0,0,0.001980198397078199
1,1,0.023207328844436815
2,2,0.0019808040526341614
3,3,0.05842242482736419
4,4,0.9144092438784867
