,topic,prob
0,0,0.0019801982680299366
1,1,0.001980198212037335
2,2,0.7940608655062632
3,3,0.1999985261578446
4,4,0.001980211855825023
