,topic,prob
0,0,0.0019802448706418506
1,1,0.14052810155832174
2,2,0.8535312558864512
3,3,0.0019801989660959683
4,4,0.0019801987184892246
