,topic,prob
0,0,0.25074033211037794
1,1,0.0019801989763076015
2,2,0.041566888958417966
3,3,0.0019801993843795527
4,4,0.7037323805705169
