,topic,prob
0,0,0.44151214378376985
1,1,0.0019866154466603465
2,2,0.0019801986174901817
3,3,0.15975726297978973
4,4,0.3947637791722899
