,topic,prob
0,0,0.7652123847616856
1,1,0.0019801999494264678
2,2,0.0019802691870992486
3,3,0.001981376244731395
4,4,0.22884576985705724
