,topic,prob
0,0,0.49900851744976343
1,1,0.0019801986193525305
2,2,0.3617121906301384
3,3,0.0019827354784089837
4,4,0.13531635782233672
