,topic,prob
0,0,0.9920537518337966
1,1,0.0019802123502948906
2,2,0.0019803303260508263
3,3,0.001980198292813376
4,4,0.0020055071970442977
