,topic,prob
0,0,0.9833121973740461
1,1,0.0019802033900285644
2,2,0.010747202023347524
3,3,0.001980198572831548
4,4,0.001980198639746298
