,topic,prob
0,0,0.0019801980672377703
1,1,0.9920792076953259
2,2,0.001980198090127034
3,3,0.0019801980820971492
4,4,0.001980198065212152
