,topic,prob
0,0,0.0019802112481527357
1,1,0.001980198459010586
2,2,0.5447551630543692
3,3,0.3700717134858016
4,4,0.08121271375266585
