,topic,prob
0,0,0.001980203107181273
1,1,0.5558721553708441
2,2,0.00198019958138724
3,3,0.4381872429452534
4,4,0.0019801989953340984
