,topic,prob
0,0,0.16657916800633263
1,1,0.001980198463772296
2,2,0.8274802360166114
3,3,0.0019801987625407344
4,4,0.001980198750742957
