,topic,prob
0,0,0.23679682872398952
1,1,0.001980198221852721
2,2,0.0019801983550103456
3,3,0.0019801983294582986
4,4,0.7572625763696891
