,topic,prob
0,0,0.0019801983888342108
1,1,0.0019806028895120874
2,2,0.0019801986337042894
3,3,0.0019802743653855657
4,4,0.9920787257225638
