,topic,prob
0,0,0.001984604264292229
1,1,0.6356398230434073
2,2,0.001980198691692763
3,3,0.0019801985511139764
4,4,0.3584151754494938
