,topic,prob
0,0,0.11122480728729676
1,1,0.0019808896863440033
2,2,0.8828334761000717
3,3,0.001980627280711105
4,4,0.0019801996455764393
