,topic,prob
0,0,0.0019809053838625978
1,1,0.00198019827130472
2,2,0.0019801985509189162
3,3,0.6880434746936879
4,4,0.3060152231002259
