,topic,prob
0,0,0.9920376264824388
1,1,0.001980198219665393
2,2,0.0019801983638382875
3,3,0.001980198320287292
4,4,0.0020217786137702596
