,topic,prob
0,0,0.0019801991998137343
1,1,0.0019801985056127004
2,2,0.37821778283043367
3,3,0.6158416074292601
4,4,0.0019802120348798758
