,topic,prob
0,0,0.0019801983415244054
1,1,0.0019801983215189172
2,2,0.001980198321895024
3,3,0.9920792068064309
4,4,0.0019801982086308087
