,topic,prob
0,0,0.001980201036599903
1,1,0.0019803843002782514
2,2,0.001980198437151644
3,3,0.001980221454344342
4,4,0.9920789947716259
