,topic,prob
0,0,0.9920791752720073
1,1,0.001980198351519983
2,2,0.0019802058145688578
3,3,0.001980222211151652
4,4,0.0019801983507522986
