,topic,prob
0,0,0.001980198452386649
1,1,0.0019836751921681922
2,2,0.0019802086746372577
3,3,0.9920598738354873
4,4,0.0019960438453205916
