,topic,prob
0,0,0.001980204331926712
1,1,0.0019801991186444096
2,2,0.12055071829548118
3,3,0.6630891188438689
4,4,0.21239975941007883
