,topic,prob
0,0,0.001980198056497091
1,1,0.9920792077681462
2,2,0.0019801980595025074
3,3,0.0019801980552684208
4,4,0.0019801980605859116
