,topic,prob
0,0,0.0019801984843799306
1,1,0.9920785719702914
2,2,0.0019808324542063514
3,3,0.0019801986382273714
4,4,0.0019801984528950538
