,topic,prob
0,0,0.9920363464033386
1,1,0.0019801990443131584
2,2,0.0019803170964169388
3,3,0.0019809757026231375
4,4,0.002022161753308189
