,topic,prob
0,0,0.8141480857589307
1,1,0.0019801996862229723
2,2,0.0019804696603731354
3,3,0.001980198650298012
4,4,0.17991104624417528
