,topic,prob
0,0,0.9920790082104097
1,1,0.001980198133689581
2,2,0.0019803816363360965
3,3,0.0019801981919815013
4,4,0.001980213827583062
