,topic,prob
0,0,0.6578101792750992
1,1,0.0019801982408741473
2,2,0.3362492253387058
3,3,0.0019801983489232356
4,4,0.0019801987963978334
