,topic,prob
0,0,0.27723912259757905
1,1,0.12088184694925473
2,2,0.5979185758700638
3,3,0.001980214394357279
4,4,0.001980240188745037
