,topic,prob
0,0,0.28056817900492803
1,1,0.0019801985283046356
2,2,0.07916115801113555
3,3,0.6363102619192668
4,4,0.0019802025363651493
