,topic,prob
0,0,0.992024036286085
1,1,0.001980199339724894
2,2,0.0019802030668256984
3,3,0.0019801983679746927
4,4,0.002035362939389623
