,topic,prob
0,0,0.8700253758620226
1,1,0.001980198516550183
2,2,0.0019801987663312023
3,3,0.12402649445065408
4,4,0.0019877324044420253
