,topic,prob
0,0,0.27450337195286917
1,1,0.001980200325230412
2,2,0.7195560224434804
3,3,0.001980198831034258
4,4,0.0019802064473857955
