,topic,prob
0,0,0.0019801983225077036
1,1,0.0020148616158307663
2,2,0.0019801989503467404
3,3,0.4164727424975293
4,4,0.5775519986137855
