,topic,prob
0,0,0.0019802016008449506
1,1,0.0019813719644920513
2,2,0.00198020361178444
3,3,0.0020599137622049845
4,4,0.9919983090606735
