,topic,prob
0,0,0.0019801980631331674
1,1,0.9920792077231669
2,2,0.0019801980784162616
3,3,0.0019801980718391248
4,4,0.0019801980634445594
