,topic,prob
0,0,0.0019803598097787407
1,1,0.0019808902347053787
2,2,0.3386045427473207
3,3,0.6554540083203169
4,4,0.001980198887878341
