,topic,prob
0,0,0.9920786727290037
1,1,0.0019801982176642593
2,2,0.0019801981593687264
3,3,0.0019807319094307077
4,4,0.0019801989845324138
