,topic,prob
0,0,0.0019802007189181725
1,1,0.001980198334665687
2,2,0.0019802000785613207
3,3,0.7572214836344322
4,4,0.23683791723342262
