,topic,prob
0,0,0.0019801995800557675
1,1,0.001985176399379945
2,2,0.4339029563141056
3,3,0.5290383137119145
4,4,0.03309335399454429
