,topic,prob
0,0,0.41783489866108037
1,1,0.00198021610249554
2,2,0.0019801992111230637
3,3,0.22969982468818662
4,4,0.34850486133711434
