,topic,prob
0,0,0.37767407497481187
1,1,0.6163852849549311
2,2,0.0019802422314581843
3,3,0.00198019908049808
4,4,0.001980198758300756
