,topic,prob
0,0,0.0019802003256161535
1,1,0.0019879280034660646
2,2,0.002102526660072591
3,3,0.991949146303858
4,4,0.001980198706987235
