,topic,prob
0,0,0.0019801984214537676
1,1,0.5940621521370575
2,2,0.3999971093715106
3,3,0.0019803406574940958
4,4,0.0019801994124839205
