,topic,prob
0,0,0.001980201777098886
1,1,0.0019801995887458223
2,2,0.0019802008075826406
3,3,0.7147153614022372
4,4,0.2793440364243354
