,topic,prob
0,0,0.0019801982177293544
1,1,0.9920469170705684
2,2,0.001980938682710791
3,3,0.0019802307068014723
4,4,0.0020117153221900683
