,topic,prob
0,0,0.00198019815197531
1,1,0.0019801981415716497
2,2,0.001980215353658463
3,3,0.9920791901974726
4,4,0.001980198155321981
