,topic,prob
0,0,0.0019801981421111673
1,1,0.001980198134121069
2,2,0.001980200254678483
3,3,0.9920792053181762
4,4,0.001980198150913033
