,topic,prob
0,0,0.0019802020797307115
1,1,0.001980223142506069
2,2,0.001980200271269711
3,3,0.06104007104823835
4,4,0.9330193034582551
