,topic,prob
0,0,0.6353960231402038
1,1,0.0019802429555767875
2,2,0.358663335925618
3,3,0.0019801991630458314
4,4,0.0019801988155554485
