,topic,prob
0,0,0.12965088004871836
1,1,0.0019801982825092116
2,2,0.001980198407622243
3,3,0.8644085250015096
4,4,0.0019801982596407866
