,topic,prob
0,0,0.9323660410998723
1,1,0.001980198243659775
2,2,0.06169334906969301
3,3,0.0019801983593805664
4,4,0.0019802132273944732
