,topic,prob
0,0,0.001992449216034286
1,1,0.0019801981819819263
2,2,0.0019801983765272606
3,3,0.001980198269000942
4,4,0.9920669559564556
