,topic,prob
0,0,0.3965038398737613
1,1,0.0019807271677574
2,2,0.28807323990594375
3,3,0.3114619933932789
4,4,0.0019801996592586544
