,topic,prob
0,0,0.001980198161454285
1,1,0.0019801981504532227
2,2,0.001980198824298621
3,3,0.9920792067068401
4,4,0.001980198156953845
