,topic,prob
0,0,0.15209818909741754
1,1,0.001980198614852176
2,2,0.6923349947466345
3,3,0.0019846419088122643
4,4,0.15160197563228353
