,topic,prob
0,0,0.9425745686623408
1,1,0.051484815276367175
2,2,0.001980203364380198
3,3,0.0019802142787768754
4,4,0.001980198418134788
