,topic,prob
0,0,0.41666471517358805
1,1,0.22435885425125104
2,2,0.35501601309833075
3,3,0.0019802034464637508
4,4,0.0019802140303664026
