,topic,prob
0,0,0.0019802031886823543
1,1,0.2594145750217265
2,2,0.0019801985655958144
3,3,0.7346448248620869
4,4,0.0019801983619083356
