,topic,prob
0,0,0.0019802024098736354
1,1,0.0019807812092904427
2,2,0.0019802015562638813
3,3,0.5620886640237764
4,4,0.4319701508007956
