,topic,prob
0,0,0.001980198084627342
1,1,0.9920792076111694
2,2,0.0019801981172128443
3,3,0.001980198105858654
4,4,0.0019801980811319153
