,topic,prob
0,0,0.001980199070369247
1,1,0.3920136307854314
2,2,0.6020457716631095
3,3,0.0019801994540155983
4,4,0.0019801990270743304
