,topic,prob
0,0,0.4144421679836722
1,1,0.0019801982370664353
2,2,0.001980198386826241
3,3,0.001980198350118422
4,4,0.5796172370423166
