,topic,prob
0,0,0.001980200957574151
1,1,0.001980202411602735
2,2,0.00198019838139582
3,3,0.0019801983149835465
4,4,0.9920791999344438
