,topic,prob
0,0,0.2193766558072978
1,1,0.7746826310382166
2,2,0.00198031577737768
3,3,0.0019801982309520945
4,4,0.0019801991461558676
