,topic,prob
0,0,0.9920585926056943
1,1,0.0019801981673613625
2,2,0.001980198271397295
3,3,0.0019801982415073903
4,4,0.002000812714039702
