,topic,prob
0,0,0.001980198575106235
1,1,0.0020516176149485955
2,2,0.001980198878975058
3,3,0.9920077863729921
4,4,0.001980198557978006
