,topic,prob
0,0,0.001980198362802389
1,1,0.9920711149406463
2,2,0.0019801997784987457
3,3,0.001988288566328119
4,4,0.001980198351724561
