,topic,prob
0,0,0.5140783948194831
1,1,0.0019802012264817453
2,2,0.0019801986344133685
3,3,0.0019815544253866378
4,4,0.47997965089423505
