,topic,prob
0,0,0.9920027753701418
1,1,0.0019801983848548883
2,2,0.001980198793763976
3,3,0.001980198581035745
4,4,0.002056628870203723
