,topic,prob
0,0,0.0019807675848458957
1,1,0.001980198138218974
2,2,0.001980198305072665
3,3,0.0019801982015001415
4,4,0.9920786377703623
