,topic,prob
0,0,0.002040795538424602
1,1,0.0019801983068919505
2,2,0.0019801985139403433
3,3,0.0019801984623434806
4,4,0.9920186091783996
