,topic,prob
0,0,0.001980202621260621
1,1,0.0019801989075842997
2,2,0.00198020002479551
3,3,0.6256058442163402
4,4,0.3684535542300193
