,topic,prob
0,0,0.001980198340585417
1,1,0.0019802003278669446
2,2,0.001980198312517818
3,3,0.9920792048152994
4,4,0.0019801982037302595
