,topic,prob
0,0,0.9920790291244277
1,1,0.0019801981309357326
2,2,0.0019803605405693996
3,3,0.0019801981877014254
4,4,0.0019802140163656654
