,topic,prob
0,0,0.38812661219844474
1,1,0.33873254542237846
2,2,0.0019801984553427087
3,3,0.001980198437171941
4,4,0.26918044548666215
