,topic,prob
0,0,0.027048185203447234
1,1,0.001980198994052034
2,2,0.9670112157017717
3,3,0.001980198539128872
4,4,0.0019802015616001666
