,topic,prob
0,0,0.24560679001785563
1,1,0.24678269751540666
2,2,0.12300077101062562
3,3,0.3826027008375958
4,4,0.00200704061851628
