,topic,prob
0,0,0.5510007626201588
1,1,0.001980198281760717
2,2,0.0019803433412734213
3,3,0.001980198414769553
4,4,0.4430584973420374
