,topic,prob
0,0,0.6534610573399189
1,1,0.34059833831116904
2,2,0.001980201012026502
3,3,0.00198019896837938
4,4,0.0019802043685061294
