,topic,prob
0,0,0.08212465196061225
1,1,0.5960686689077683
2,2,0.0019801990282861054
3,3,0.31784626328481724
4,4,0.0019802168185160734
