,topic,prob
0,0,0.00198019822339763
1,1,0.9920439916830335
2,2,0.0019809044961941317
3,3,0.001980233493868743
4,4,0.002014672103505971
