,topic,prob
0,0,0.001980198165086742
1,1,0.992079207226962
2,2,0.0019801982390905215
3,3,0.0019801982126917603
4,4,0.0019801981561689045
