,topic,prob
0,0,0.9723156192867323
1,1,0.0019802451933647624
2,2,0.0019803151261804323
3,3,0.001980198299527634
4,4,0.021743622094194948
