,topic,prob
0,0,0.9043277642045885
1,1,0.08973134262629277
2,2,0.001980198642048259
3,3,0.0019804952611164797
4,4,0.0019801992659539513
