,topic,prob
0,0,0.0019802040214860336
1,1,0.0019813171833008227
2,2,0.001980201558213232
3,3,0.0019959753748286266
4,4,0.9920623018621713
