,topic,prob
0,0,0.0019801984319961427
1,1,0.08253002820311885
2,2,0.001980204126301548
3,3,0.9115293708220814
4,4,0.0019801984165019795
