,topic,prob
0,0,0.8838363270034166
1,1,0.001980204120121176
2,2,0.11022277944597189
3,3,0.001980490348562398
4,4,0.001980199081927818
