,topic,prob
0,0,0.9920792003944217
1,1,0.0019801990171306244
2,2,0.001980201656015037
3,3,0.0019801994230126073
4,4,0.001980199509419812
