,topic,prob
0,0,0.001980200053816947
1,1,0.15996046366454025
2,2,0.0019802014493024156
3,3,0.35845150107066104
4,4,0.47762763376167927
