,topic,prob
0,0,0.0019801983358500113
1,1,0.0019803085095781315
2,2,0.0019801984497763597
3,3,0.0019801984812049824
4,4,0.9920790962235905
