,topic,prob
0,0,0.4434286456908773
1,1,0.0019802247662584023
2,2,0.2692570129859243
3,3,0.2833461526487737
4,4,0.001987963908166264
