,topic,prob
0,0,0.5528895897395799
1,1,0.001980219597526265
2,2,0.011803429569239745
3,3,0.011974731347835992
4,4,0.42135202974581826
