,topic,prob
0,0,0.7040112794179905
1,1,0.001980242200604889
2,2,0.2900480818150954
3,3,0.001980198392784927
4,4,0.0019801981735243276
