,topic,prob
0,0,0.9920716564419704
1,1,0.0019801982320863973
2,2,0.00198019838973136
3,3,0.00198041418578166
4,4,0.0019875327504301414
