,topic,prob
0,0,0.002199881679562851
1,1,0.5835518168988109
2,2,0.15244525318856397
3,3,0.2597688708828873
4,4,0.002034177350174867
