,topic,prob
0,0,0.001980198076965041
1,1,0.9920792076579577
2,2,0.001980198098807634
3,3,0.0019801980897350643
4,4,0.001980198076534524
