,topic,prob
0,0,0.001980199013281594
1,1,0.001980198284095506
2,2,0.34421212596851875
3,3,0.6498472597694968
4,4,0.0019802169646073006
