,topic,prob
0,0,0.0020043909339975637
1,1,0.00198020046431837
2,2,0.992055002788654
3,3,0.0019801987630670126
4,4,0.0019802070499629937
