,topic,prob
0,0,0.7099478258528138
1,1,0.001980198327935763
2,2,0.28411150804398755
3,3,0.001980233705989944
4,4,0.001980234069273003
