,topic,prob
0,0,0.001980198274214895
1,1,0.001980198478733489
2,2,0.00198019841464113
3,3,0.9920789966848849
4,4,0.001980408147525635
