,topic,prob
0,0,0.8534296192501868
1,1,0.001980242912992911
2,2,0.140629739846574
3,3,0.0019801991698891277
4,4,0.001980198820357236
