,topic,prob
0,0,0.00198437459579396
1,1,0.001996422162591903
2,2,0.011857228513729836
3,3,0.9821817755323754
4,4,0.0019801991955088944
