,topic,prob
0,0,0.0019801983952443224
1,1,0.992079206321319
2,2,0.001980198529065915
3,3,0.0019801984398074104
4,4,0.0019801983145633657
