,topic,prob
0,0,0.001980198566967197
1,1,0.8745775016471321
2,2,0.11948190264178779
3,3,0.0019801986682404654
4,4,0.001980198475872384
