,topic,prob
0,0,0.8199258924570053
1,1,0.001980198241529022
2,2,0.17413351215230133
3,3,0.001980198349922573
4,4,0.001980198799241691
