,topic,prob
0,0,0.001980198760979161
1,1,0.02373370980847189
2,2,0.00198177033978574
3,3,0.07851172968142746
4,4,0.8937925914093358
