,topic,prob
0,0,0.23342392885456345
1,1,0.001980911046734311
2,2,0.08042746898929025
3,3,0.6821776874786667
4,4,0.0019900036307453233
