,topic,prob
0,0,0.0019802004794530217
1,1,0.0019802967589248664
2,2,0.0019802002317292865
3,3,0.002037302545332351
4,4,0.9920219999845604
