,topic,prob
0,0,0.0019801981548734572
1,1,0.001980198140960427
2,2,0.0019802790803340148
3,3,0.9920791264584625
4,4,0.001980198165369609
