,topic,prob
0,0,0.0020077791732491285
1,1,0.0019801982160670764
2,2,0.0019801983621270413
3,3,0.001980198315144108
4,4,0.9920516259334127
