,topic,prob
0,0,0.017830682644738673
1,1,0.001980447646182271
2,2,0.011611448693008529
3,3,0.023262306195497625
4,4,0.945315114820573
