,topic,prob
0,0,0.05077768999304241
1,1,0.001980198311817347
2,2,0.001980529027700784
3,3,0.0019801984701347075
4,4,0.9432813841973048
