,topic,prob
0,0,0.0019801980801525568
1,1,0.9920792076415401
2,2,0.001980198104433649
3,3,0.0019801980946684825
4,4,0.001980198079205176
