,topic,prob
0,0,0.09075187226805607
1,1,0.5965770126712225
2,2,0.0019803181784998295
3,3,0.001980198353720593
4,4,0.308710598528501
