,topic,prob
0,0,0.001980198351530023
1,1,0.0019801995020573187
2,2,0.0019801983179025284
3,3,0.9920792056213276
4,4,0.0019801982071825405
