,topic,prob
0,0,0.0019801992094813487
1,1,0.12754953620594206
2,2,0.001980199794749306
3,3,0.0019802017717795426
4,4,0.8665098630180477
