,topic,prob
0,0,0.9920791786971886
1,1,0.0019801981104795477
2,2,0.0019802096175326484
3,3,0.0019801981559080532
4,4,0.001980215418891057
