,topic,prob
0,0,0.0019801983654927084
1,1,0.5281497129778548
2,2,0.4658967116733893
3,3,0.0019802123048295738
4,4,0.001993164678433486
