,topic,prob
0,0,0.7939033684303373
1,1,0.001980198222296389
2,2,0.001980198355737245
3,3,0.001980198330196407
4,4,0.2001560366614327
