,topic,prob
0,0,0.0019801981901428696
1,1,0.9920627177476598
2,2,0.001981109695062944
3,3,0.0019802152242710544
4,4,0.001995759142863397
