,topic,prob
0,0,0.8319791252858124
1,1,0.0019801983428520496
2,2,0.001980198294661859
3,3,0.1620801199141803
4,4,0.0019803581624932153
