,topic,prob
0,0,0.001980202025242213
1,1,0.0019802087345351413
2,2,0.0019802001143520384
3,3,0.3431335196318632
4,4,0.6509258694940074
