,topic,prob
0,0,0.9920791718177538
1,1,0.0019801983263107734
2,2,0.0019802066448505857
3,3,0.0019802248685229823
4,4,0.0019801983425618585
