,topic,prob
0,0,0.799042050959397
1,1,0.0019801982760607796
2,2,0.0019801986002560526
3,3,0.0019802006884739923
4,4,0.19501735147581215
