,topic,prob
0,0,0.2736156727418444
1,1,0.07417419240269311
2,2,0.001980841841655935
3,3,0.3739201144014022
4,4,0.27630917861240434
