,topic,prob
0,0,0.0019802027040510283
1,1,0.001980588567238228
2,2,0.21979266740709846
3,3,0.0019801993755384443
4,4,0.7742663419460738
