,topic,prob
0,0,0.001980198336287191
1,1,0.4454028819249737
2,2,0.5486565191745169
3,3,0.00198019828631101
4,4,0.0019802022779112295
