,topic,prob
0,0,0.0019801983114220434
1,1,0.9920699281935715
2,2,0.0019802011625658345
3,3,0.001989474032068516
4,4,0.001980198300372099
