,topic,prob
0,0,0.0019847557271722807
1,1,0.9326742213658071
2,2,0.0019801986993871153
3,3,0.0019801985584929366
4,4,0.06138062564914066
