,topic,prob
0,0,0.45105780926155764
1,1,0.001980198471118533
2,2,0.001980198337636075
3,3,0.001980198311661916
4,4,0.5430015956180259
