,topic,prob
0,0,0.27868907543013144
1,1,0.5017329900724692
2,2,0.0019803092037952606
3,3,0.18537704936016683
4,4,0.03222057593343732
