,topic,prob
0,0,0.37821123208769014
1,1,0.615848172710915
2,2,0.001980198386623021
3,3,0.0019801983433089
4,4,0.00198019847146291
