,topic,prob
0,0,0.0019935751168137957
1,1,0.0019801981820027686
2,2,0.0019801983006389554
3,3,0.0019801982661206367
4,4,0.9920658301344237
