,topic,prob
0,0,0.0019801983743391446
1,1,0.9920696821374521
2,2,0.0019801992771034775
3,3,0.001989721847886002
4,4,0.0019801983632193924
