,topic,prob
0,0,0.0019801988864413364
1,1,0.0019801989794849643
2,2,0.21963966186857442
3,3,0.06899706353452575
4,4,0.7074028767309735
