,topic,prob
0,0,0.001980198331336087
1,1,0.0020159312130349914
2,2,0.001980198987184082
3,3,0.933609615617122
4,4,0.06041405585132283
