,topic,prob
0,0,0.646465704844591
1,1,0.00198056294906568
2,2,0.34759305668494206
3,3,0.0019804763331151176
4,4,0.001980199188286146
