,topic,prob
0,0,0.001980805955397555
1,1,0.6961796873887014
2,2,0.001980198876562315
3,3,0.2978791088617985
4,4,0.001980198917540104
