,topic,prob
0,0,0.0019801983225482046
1,1,0.002014340517238175
2,2,0.0019801989508478847
3,3,0.49602673425115773
4,4,0.497998527958208
