,topic,prob
0,0,0.19061384245938076
1,1,0.0019801990530947332
2,2,0.8034354993006205
3,3,0.0019813499159411388
4,4,0.001989109270962702
