,topic,prob
0,0,0.9920789559883578
1,1,0.0019802079375501676
2,2,0.001980429985316209
3,3,0.0019801982046980383
4,4,0.001980207884077767
