,topic,prob
0,0,0.0019801989081443343
1,1,0.00198019961727184
2,2,0.5167415254556085
3,3,0.3867444286716686
4,4,0.09255364734730666
