,topic,prob
0,0,0.001980216673100626
1,1,0.001980207167723216
2,2,0.0019801998039968524
3,3,0.05002187905863309
4,4,0.9440374972965462
