,topic,prob
0,0,0.12720559185423577
1,1,0.001980201370465558
2,2,0.0019801987899228574
3,3,0.6227539295089175
4,4,0.24608007847645832
