,topic,prob
0,0,0.8826092894053436
1,1,0.001980198412314315
2,2,0.11144672016738989
3,3,0.0019807748076730693
4,4,0.0019830172072791614
