,topic,prob
0,0,0.3788730647009304
1,1,0.0019804757746209895
2,2,0.6151856269201713
3,3,0.0019806331594549296
4,4,0.0019801994448221815
