,topic,prob
0,0,0.2783503539223374
1,1,0.0019801982769498076
2,2,0.001980198296932495
3,3,0.7157088939674192
4,4,0.0019803555363610056
