,topic,prob
0,0,0.9920780110112648
1,1,0.001980198153035127
2,2,0.001980202868973877
3,3,0.00198138980066494
4,4,0.001980198166061132
