,topic,prob
0,0,0.08118579868413203
1,1,0.4558025037462144
2,2,0.0019801999123509524
3,3,0.001980201879800485
4,4,0.4590512957775021
