,topic,prob
0,0,0.17987159276116693
1,1,0.5965722990221033
2,2,0.001980316199527209
3,3,0.0019801983387324083
4,4,0.21959559367847012
