,topic,prob
0,0,0.992075342647111
1,1,0.001980198216211968
2,2,0.001980198369609132
3,3,0.00198084657897327
4,4,0.0019834141880947045
