,topic,prob
0,0,0.04102653406404758
1,1,0.9530327451649335
2,2,0.0019803232883391477
3,3,0.0019801982632867226
4,4,0.0019801992193930174
