,topic,prob
0,0,0.0019801987203863333
1,1,0.001980280421098787
2,2,0.0019801986216960374
3,3,0.20989787586374378
4,4,0.784161446373075
