,topic,prob
0,0,0.0019801983027421368
1,1,0.9920792067552536
2,2,0.0019801984099212327
3,3,0.001980198309778381
4,4,0.00198019822230455
