,topic,prob
0,0,0.031296803005655786
1,1,0.001980198317350522
2,2,0.9627576848985849
3,3,0.001985101820734204
4,4,0.0019802119576745004
