,topic,prob
0,0,0.001980198062167634
1,1,0.9920792077297137
2,2,0.001980198075662855
3,3,0.001980198069427062
4,4,0.0019801980630287028
