,topic,prob
0,0,0.001980198399969317
1,1,0.0019801981473951333
2,2,0.0019801982391201836
3,3,0.001980198217106626
4,4,0.9920792069964087
