,topic,prob
0,0,0.0019801985066030337
1,1,0.001980198204590526
2,2,0.9920792067734354
3,3,0.0019801982988571325
4,4,0.001980198216513888
