,topic,prob
0,0,0.0019802053155031367
1,1,0.0019803776062535194
2,2,0.28835918067692584
3,3,0.0019801997031595356
4,4,0.705700036698158
