,topic,prob
0,0,0.0019801981669866848
1,1,0.0019802066856136977
2,2,0.0019801982468473376
3,3,0.9920791987388166
4,4,0.0019801981617358255
