,topic,prob
0,0,0.0020141260678822265
1,1,0.001980240253497229
2,2,0.001980198491062155
3,3,0.0019802847777461393
4,4,0.9920451504098122
