,topic,prob
0,0,0.0019802117709539027
1,1,0.642395853273138
2,2,0.0019802080587591297
3,3,0.30054269321543486
4,4,0.05310103368171398
