,topic,prob
0,0,0.684883610971025
1,1,0.30917574890234834
2,2,0.001980242169706261
3,3,0.001980199150440128
4,4,0.001980198806480185
