,topic,prob
0,0,0.505454953908428
1,1,0.0019802305779114
2,2,0.4886044188249466
3,3,0.001980198423280237
4,4,0.0019801982654338002
