,topic,prob
0,0,0.001980198164587058
1,1,0.0019801981534646918
2,2,0.001980198759195994
3,3,0.9920792067627962
4,4,0.0019801981599561987
