,topic,prob
0,0,0.7182893722268189
1,1,0.001980198278575634
2,2,0.001980198605618404
3,3,0.001980225400439643
4,4,0.27577000548854763
