,topic,prob
0,0,0.0019801985689106923
1,1,0.19009587839458028
2,2,0.8039635259112432
3,3,0.001980198658560542
4,4,0.001980198466705246
