,topic,prob
0,0,0.43637514966287283
1,1,0.017036704064552252
2,2,0.5426277439578053
3,3,0.0019801988698860606
4,4,0.0019802034448835105
