,topic,prob
0,0,0.15480397108004348
1,1,0.001980198521966622
2,2,0.0911606837143508
3,3,0.4232910315583561
4,4,0.32876411512528303
