,topic,prob
0,0,0.0019801980648230847
1,1,0.9920792077117062
2,2,0.0019801980832366193
3,3,0.0019801980760616915
4,4,0.0019801980641723513
