,topic,prob
0,0,0.001980201128514074
1,1,0.0019802025296311496
2,2,0.0019801981801958585
3,3,0.0019803955001583846
4,4,0.9920790026615006
