,topic,prob
0,0,0.9227070644196561
1,1,0.0019801995606434706
2,2,0.0020139395702197323
3,3,0.07131843220572988
4,4,0.001980364243750787
