,topic,prob
0,0,0.236815781596913
1,1,0.001980198238585182
2,2,0.0019803201213162225
3,3,0.001980198355464234
4,4,0.7572435016877214
