,topic,prob
0,0,0.001980210681690961
1,1,0.2885743271496687
2,2,0.6657780739419237
3,3,0.04168701913702675
4,4,0.0019803690896898745
