,topic,prob
0,0,0.0860296221167324
1,1,0.001980198416947305
2,2,0.9080263018666952
3,3,0.001980761234624423
4,4,0.0019831163650008425
