,topic,prob
0,0,0.0019801983782588898
1,1,0.9920791499066582
2,2,0.0019801988574651495
3,3,0.0019802136860402747
4,4,0.001980239171577559
