,topic,prob
0,0,0.001980198974342697
1,1,0.0019801981113372444
2,2,0.9920792063559772
3,3,0.001980198158692169
4,4,0.0019801983996506583
