,topic,prob
0,0,0.0019805230053468975
1,1,0.001980198123107814
2,2,0.001980198243334034
3,3,0.0019802257990106024
4,4,0.9920788548292007
