,topic,prob
0,0,0.3571434621609906
1,1,0.24937040110621939
2,2,0.3895256849429902
3,3,0.001980213583313139
4,4,0.0019802382064865206
