,topic,prob
0,0,0.001980244229639022
1,1,0.48732009714440566
2,2,0.506739260936322
3,3,0.001980198966707889
4,4,0.001980198722925465
