,topic,prob
0,0,0.6909345933557299
1,1,0.00198019834583706
2,2,0.001980198677062951
3,3,0.0019801985213974533
4,4,0.3031248110999726
