,topic,prob
0,0,0.0019801985370052747
1,1,0.0019801984698349906
2,2,0.9920789939939303
3,3,0.001980198725162023
4,4,0.001980410274067363
