,topic,prob
0,0,0.6856911877189623
1,1,0.001980204555719849
2,2,0.001980291753937444
3,3,0.001980198360616529
4,4,0.3083681176107639
