,topic,prob
0,0,0.0019801980558940397
1,1,0.9920792077722316
2,2,0.0019801980577849217
3,3,0.001980198053763412
4,4,0.001980198060326077
