,topic,prob
0,0,0.09283337381726596
1,1,0.0019801983048862086
2,2,0.0019802068800870683
3,3,0.9012260227158723
4,4,0.0019801982818885497
