,topic,prob
0,0,0.001980230005683718
1,1,0.0019801983323195437
2,2,0.9920791704891437
3,3,0.0019801987905797226
4,4,0.0019802023822731076
