,topic,prob
0,0,0.0019801996742120744
1,1,0.0019802141393877033
2,2,0.001980198101521932
3,3,0.0019801981228444662
4,4,0.9920791899620338
