,topic,prob
0,0,0.0019801982343602958
1,1,0.00198021370672975
2,2,0.0019801982811956578
3,3,0.00198019835823958
4,4,0.9920791914194748
