,topic,prob
0,0,0.32488850452755164
1,1,0.0019801982401822594
2,2,0.6691708855791624
3,3,0.0019801983541034456
4,4,0.0019802132990001937
