,topic,prob
0,0,0.3216014062222432
1,1,0.0019801983331175343
2,2,0.001980198513512661
3,3,0.6724554640432397
4,4,0.001982732887886805
