,topic,prob
0,0,0.0019801983897318473
1,1,0.9920792060863772
2,2,0.0019801986195546986
3,3,0.001980198527262102
4,4,0.0019801983770742415
