,topic,prob
0,0,0.34805318371717164
1,1,0.05699470230580337
2,2,0.05212210964241521
3,3,0.001980198871157904
4,4,0.5408498054634518
