,topic,prob
0,0,0.8372124856481606
1,1,0.001980200591892799
2,2,0.15684673816273162
3,3,0.00198036805122059
4,4,0.001980207545994263
