,topic,prob
0,0,0.0019801983796511845
1,1,0.9526396374590551
2,2,0.041406513074213384
3,3,0.001980212805011361
4,4,0.0019934382820688667
