,topic,prob
0,0,0.0019802007200244607
1,1,0.001980198334484755
2,2,0.001980200080789061
3,3,0.5355159804321253
4,4,0.4585434204325764
