,topic,prob
0,0,0.0019802243151875133
1,1,0.0019802072751280457
2,2,0.9920791717074994
3,3,0.0019801982371626574
4,4,0.001980198465022526
