,topic,prob
0,0,0.058165889388240216
1,1,0.002037712724453907
2,2,0.9358359969036787
3,3,0.0019801986508253813
4,4,0.0019802023328019756
