,topic,prob
0,0,0.0019802019949036746
1,1,0.0019804514588502653
2,2,0.605937887455045
3,3,0.0019809545555236055
4,4,0.3881205045356775
