,topic,prob
0,0,0.13367266968635308
1,1,0.0019801983645061976
2,2,0.0019802165861279326
3,3,0.8603867170466588
4,4,0.0019801983163539928
