,topic,prob
0,0,0.06576005377568465
1,1,0.0019801984157014315
2,2,0.9282993354204676
3,3,0.001980198621172254
4,4,0.0019802137669740955
