,topic,prob
0,0,0.001980316437750986
1,1,0.001980650606760334
2,2,0.34853415488438755
3,3,0.6455246778220549
4,4,0.001980200249046059
