,topic,prob
0,0,0.001980769956827382
1,1,0.0019801986535847487
2,2,0.06208733213204324
3,3,0.0019824245647248663
4,4,0.9319692746928198
