,topic,prob
0,0,0.001980198412092938
1,1,0.9920788047856346
2,2,0.0019805998483690603
3,3,0.0019801985570885522
4,4,0.0019801983968148183
