,topic,prob
0,0,0.7616217746650201
1,1,0.001980198314894289
2,2,0.23239597049018682
3,3,0.0019801984680554727
4,4,0.0020218580618434788
