,topic,prob
0,0,0.823556099769977
1,1,0.0019802442829256863
2,2,0.16064775729359274
3,3,0.011835699926355832
4,4,0.0019801987271487378
