,topic,prob
0,0,0.2544848676235003
1,1,0.001980198262005764
2,2,0.001980198438589583
3,3,0.00198019838405525
4,4,0.7395745372918491
