,topic,prob
0,0,0.9920791352331334
1,1,0.001980198134304865
2,2,0.00198019821849138
3,3,0.0019802042918860598
4,4,0.001980264122184179
