,topic,prob
0,0,0.001980220332784474
1,1,0.0019801982107286046
2,2,0.0019801982127084206
3,3,0.9920791851033384
4,4,0.0019801981404401975
