,topic,prob
0,0,0.19999881901334324
1,1,0.5566325963569922
2,2,0.0019801984576932833
3,3,0.001980198439288036
4,4,0.2394081877326831
