,topic,prob
0,0,0.781031434513022
1,1,0.001980198277293534
2,2,0.001980198297294098
3,3,0.21302781179445002
4,4,0.0019803571179402794
