,topic,prob
0,0,0.061395638981268
1,1,0.9326637614757562
2,2,0.00198020216576944
3,3,0.001980198679228822
4,4,0.0019801986979775285
