,topic,prob
0,0,0.0019801984198996926
1,1,0.001980198486792271
2,2,0.001980198233768089
3,3,0.0019801982131347896
4,4,0.9920792066464051
