,topic,prob
0,0,0.0019802064902359326
1,1,0.0019801987294054196
2,2,0.001980198335996136
3,3,0.001980198248786392
4,4,0.9920791981955761
