,topic,prob
0,0,0.001980341355139192
1,1,0.6854532678563385
2,2,0.001980200822115066
3,3,0.3086058525252625
4,4,0.001980337441144528
