,topic,prob
0,0,0.0019802367580022007
1,1,0.001980209241481519
2,2,0.001980198828036307
3,3,0.002032704609294497
4,4,0.9920266505631854
