,topic,prob
0,0,0.002014206263006527
1,1,0.0019801985387715264
2,2,0.001980228289086786
3,3,0.760300582509068
4,4,0.23372478440006733
