,topic,prob
0,0,0.9920780353151177
1,1,0.001980222896444678
2,2,0.0019803268630335133
3,3,0.001980198193584207
4,4,0.0019812167318199888
