,topic,prob
0,0,0.0019802209174393888
1,1,0.9920788627330822
2,2,0.0019805193608986734
3,3,0.001980198577960561
4,4,0.0019801984106191683
