,topic,prob
0,0,0.001980670181118014
1,1,0.0019801981917434625
2,2,0.0019806888246026023
3,3,0.001980198281413098
4,4,0.9920782445211229
