,topic,prob
0,0,0.001980198463204903
1,1,0.9042834162659631
2,2,0.0019802024322838384
3,3,0.08977598438312762
4,4,0.0019801984554206056
