,topic,prob
0,0,0.3980205927922453
1,1,0.001980242647797896
2,2,0.0019803151665524436
3,3,0.001980198285180902
4,4,0.5960386511082234
