,topic,prob
0,0,0.05162887420020598
1,1,0.0019808896884767994
2,2,0.942429394885261
3,3,0.0019806415494614277
4,4,0.001980199676594718
