,topic,prob
0,0,0.0019801982283170956
1,1,0.001980200723120092
2,2,0.001980198270788636
3,3,0.0019801983492840304
4,4,0.9920792044284902
