,topic,prob
0,0,0.001980198155405176
1,1,0.0019801981451805723
2,2,0.001980199111317907
3,3,0.992079206434424
4,4,0.001980198153672405
