,topic,prob
0,0,0.0019802029623448535
1,1,0.06313679251740979
2,2,0.012038915747580843
3,3,0.9208638898338533
4,4,0.0019801989388112205
