,topic,prob
0,0,0.001980201201177533
1,1,0.0019801981068454863
2,2,0.0019801981689906143
3,3,0.001980406641898366
4,4,0.9920789958810879
