,topic,prob
0,0,0.11833268248121735
1,1,0.00198019829688857
2,2,0.001980210476143692
3,3,0.8757267104598594
4,4,0.0019801982858910377
