,topic,prob
0,0,0.4276834124381632
1,1,0.5663757219217201
2,2,0.00198046799633525
3,3,0.001980198892583161
4,4,0.00198019875119809
