,topic,prob
0,0,0.001980199017474652
1,1,0.8844839355418543
2,2,0.10957546708398928
3,3,0.001980199383724962
4,4,0.001980198972956657
