,topic,prob
0,0,0.9920784533929705
1,1,0.0019801981523853386
2,2,0.001980198163203079
3,3,0.0019809509466653173
4,4,0.001980199344775664
