,topic,prob
0,0,0.9920789082205519
1,1,0.00198019832078972
2,2,0.001980497122006168
3,3,0.0019801981541453678
4,4,0.0019801981825069053
