,topic,prob
0,0,0.0019801983451630113
1,1,0.0019802632202159318
2,2,0.0019801984814477648
3,3,0.992079141678483
4,4,0.0019801982746903675
