,topic,prob
0,0,0.0019809364488646
1,1,0.001980198472429282
2,2,0.9065527044159525
3,3,0.0019801997572286728
4,4,0.087505960905525
