,topic,prob
0,0,0.9920789907995791
1,1,0.001980212456754137
2,2,0.001980399485801013
3,3,0.0019801984418162714
4,4,0.001980198816049462
