,topic,prob
0,0,0.9920788886671363
1,1,0.0019801983139797683
2,2,0.0019805166703269175
3,3,0.0019801981564601836
4,4,0.0019801981920967797
