,topic,prob
0,0,0.7668371796126957
1,1,0.00198019835378818
2,2,0.001980198709507695
3,3,0.001980198533462783
4,4,0.22722222479054555
