,topic,prob
0,0,0.0019802003287353086
1,1,0.0019802507918483046
2,2,0.0019801982848042313
3,3,0.001980203834967212
4,4,0.9920791467596449
