,topic,prob
0,0,0.001980198560456534
1,1,0.0019802057515783504
2,2,0.0019801982699250717
3,3,0.001980199219006938
4,4,0.9920791981990331
