,topic,prob
0,0,0.11068309650290203
1,1,0.001980199483348016
2,2,0.8833763020724155
3,3,0.0019801986541086464
4,4,0.0019802032872260384
