,topic,prob
0,0,0.785156375878769
1,1,0.0019802433937849773
2,2,0.09136799692543413
3,3,0.0019811514471958975
4,4,0.11951423235481604
