,topic,prob
0,0,0.4846046170333171
1,1,0.00198019835320288
2,2,0.0019801987074447853
3,3,0.001980198532571394
4,4,0.5094547873734638
