,topic,prob
0,0,0.12518663154498288
1,1,0.0019801987153099223
2,2,0.6589692023688942
3,3,0.0019806617229470376
4,4,0.21188330564786587
