,topic,prob
0,0,0.001980243652658849
1,1,0.6365152432055278
2,2,0.3575441156116805
3,3,0.0019801988955356546
4,4,0.001980198634597292
