,topic,prob
0,0,0.001980198472691554
1,1,0.0019801984457005137
2,2,0.001980198666790034
3,3,0.0019802006448547383
4,4,0.9920792037699632
