,topic,prob
0,0,0.001980198125210766
1,1,0.0019801981450865273
2,2,0.001980198154296136
3,3,0.9920790472372876
4,4,0.0019803583381189475
