,topic,prob
0,0,0.12864864359564362
1,1,0.0019802266384591006
2,2,0.8654107317882277
3,3,0.0019801985854442307
4,4,0.0019801993922253015
