,topic,prob
0,0,0.8138647247997659
1,1,0.0019801986419109067
2,2,0.0019801988157912833
3,3,0.001980760450417145
4,4,0.1801941172921149
