,topic,prob
0,0,0.0019801982574170597
1,1,0.001980366811574571
2,2,0.0019801984027362943
3,3,0.001980198338476775
4,4,0.9920790381897953
