,topic,prob
0,0,0.0019829102392038946
1,1,0.0019801987119909383
2,2,0.992076492945221
3,3,0.00198019931432098
4,4,0.001980198789263068
