,topic,prob
0,0,0.7525796862493608
1,1,0.0019802119257488955
2,2,0.001980256754263632
3,3,0.001980198401830864
4,4,0.2414796466687957
