,topic,prob
0,0,0.0019802009504121644
1,1,0.001981103328281309
2,2,0.001980202435596006
3,3,0.39702813783120616
4,4,0.5970303554545043
