,topic,prob
0,0,0.0019801983363203846
1,1,0.38454211855528425
2,2,0.609517282539725
3,3,0.0019801982864420813
4,4,0.0019802022822281843
