,topic,prob
0,0,0.0019801986039904925
1,1,0.0019801993079542565
2,2,0.2189760046020542
3,3,0.001981289165216602
4,4,0.7750823083207844
