,topic,prob
0,0,0.5962336132410534
1,1,0.01200469302149927
2,2,0.00198019858062861
3,3,0.02051737810567044
4,4,0.36926411705114837
