,topic,prob
0,0,0.001980654862525302
1,1,0.0019801981309260186
2,2,0.001980198275995859
3,3,0.0019801981904265433
4,4,0.9920787505401263
