,topic,prob
0,0,0.9821774328546456
1,1,0.0019802166741944875
2,2,0.01188194805533801
3,3,0.001980198379950219
4,4,0.001980204035871644
