,topic,prob
0,0,0.0019801998055657996
1,1,0.28920589953721887
2,2,0.0019801981628930405
3,3,0.001980198179031378
4,4,0.7048535043152909
