,topic,prob
0,0,0.6967893362863918
1,1,0.0019801983056635494
2,2,0.0019801986409188244
3,3,0.001980198460985819
4,4,0.2972700683060402
