,topic,prob
0,0,0.00198019819771943
1,1,0.9920792070709228
2,2,0.0019801982886656867
3,3,0.001980198256101699
4,4,0.00198019818659064
