,topic,prob
0,0,0.6249726444493985
1,1,0.001980198592603103
2,2,0.2515472491754809
3,3,0.0019803964510568947
4,4,0.11951951133146062
