,topic,prob
0,0,0.001980200281337705
1,1,0.001980255483179089
2,2,0.0019801982864436547
3,3,0.0019802037108065337
4,4,0.992079142238233
