,topic,prob
0,0,0.031169644451675613
1,1,0.61660257424572
2,2,0.0019803097589296257
3,3,0.0509795780096537
4,4,0.29926789353402117
