,topic,prob
0,0,0.6759208045705292
1,1,0.0019801983339658882
2,2,0.0019808348049430266
3,3,0.0019802314809529735
4,4,0.31813793080960906
