,topic,prob
0,0,0.0019801999944681643
1,1,0.00198163146902596
2,2,0.001980203713044433
3,3,0.9781962090785551
4,4,0.015861755744906475
