,topic,prob
0,0,0.0019801992032051044
1,1,0.001980199096377118
2,2,0.0020436580837304044
3,3,0.9920157444510175
4,4,0.0019801991656698496
