,topic,prob
0,0,0.001980198579426593
1,1,0.0019801985725909285
2,2,0.0019801988060174644
3,3,0.2570794299809571
4,4,0.7369799740610079
