,topic,prob
0,0,0.001980198119385633
1,1,0.992079207450931
2,2,0.0019801981660384866
3,3,0.0019801981486896798
4,4,0.0019801981149552804
