,topic,prob
0,0,0.001980226190220869
1,1,0.0019802710458809198
2,2,0.001980199558362104
3,3,0.21538118686423882
4,4,0.7786781163412972
