,topic,prob
0,0,0.001994450210807656
1,1,0.0019801989210227306
2,2,0.9920649511346447
3,3,0.0019802006916827927
4,4,0.001980199041842063
