,topic,prob
0,0,0.06137758523682616
1,1,0.8735897790697098
2,2,0.001980198481423202
3,3,0.0019801984614285207
4,4,0.06107223875061233
