,topic,prob
0,0,0.9224076867343788
1,1,0.001980198242985019
2,2,0.07165170343918975
3,3,0.0019801983583567287
4,4,0.0019802132250895284
