,topic,prob
0,0,0.001980199806855948
1,1,0.7349057926077288
2,2,0.001980198131116953
3,3,0.001980198151415365
4,4,0.25915361130288295
