,topic,prob
0,0,0.001980198385858869
1,1,0.992079206106261
2,2,0.0019801986128627994
3,3,0.0019801985217814734
4,4,0.001980198373235774
