,topic,prob
0,0,0.001980198682707916
1,1,0.001980198571577713
2,2,0.9920792054624928
3,3,0.0019801987506915374
4,4,0.00198019853253014
