,topic,prob
0,0,0.9505402567827027
1,1,0.0019801984593551384
2,2,0.001980469498958494
3,3,0.0019801986324096514
4,4,0.043518876626574006
