,topic,prob
0,0,0.8632982210543144
1,1,0.13076106649570277
2,2,0.001980315058243872
3,3,0.001980198252007456
4,4,0.0019801991397313595
