,topic,prob
0,0,0.0019806924171579623
1,1,0.0019801981333570032
2,2,0.0019801982856881245
3,3,0.0019801981941177413
4,4,0.9920787129696791
