,topic,prob
0,0,0.001980298156083076
1,1,0.0019801986355467384
2,2,0.0019801990703008907
3,3,0.0019801989537134514
4,4,0.9920791051843558
