,topic,prob
0,0,0.0019802029192220088
1,1,0.9920792023030003
2,2,0.001980198296025228
3,3,0.0019801982890047974
4,4,0.0019801981927475053
