,topic,prob
0,0,0.6503498024666752
1,1,0.001980198276714655
2,2,0.0019801982966734903
3,3,0.34370944470193765
4,4,0.00198035625799894
