,topic,prob
0,0,0.001980198367680932
1,1,0.001982476423881342
2,2,0.0019801985558037
3,3,0.9920769282984065
4,4,0.001980198354227509
