,topic,prob
0,0,0.0019902385074859396
1,1,0.0019802087210518847
2,2,0.001980198195203549
3,3,0.001980198192267148
4,4,0.9920691563839915
