,topic,prob
0,0,0.001980198335798824
1,1,0.9920610284612179
2,2,0.001980199312255434
3,3,0.001998375566214662
4,4,0.0019801983245131996
