,topic,prob
0,0,0.002004269060832213
1,1,0.0019801981929255495
2,2,0.001980198317132169
3,3,0.0019801982866689827
4,4,0.992055136142441
