,topic,prob
0,0,0.0019985973567493032
1,1,0.0019801981938217536
2,2,0.001980198321972857
3,3,0.0019801982831299343
4,4,0.992060807844326
