,topic,prob
0,0,0.001980199370438334
1,1,0.001980198281863527
2,2,0.4019010223223298
3,3,0.5921583815683544
4,4,0.0019801984570139135
