,topic,prob
0,0,0.9920792063506426
1,1,0.001980198578403025
2,2,0.00198019834237454
3,3,0.0019801983041136243
4,4,0.0019801984244662892
