,topic,prob
0,0,0.001980199210768252
1,1,0.0019802863156399664
2,2,0.0019801983802079344
3,3,0.0019802008296291866
4,4,0.9920791152637547
