,topic,prob
0,0,0.279210487038173
1,1,0.7148489173605415
2,2,0.001980198761109259
3,3,0.0019801983593067457
4,4,0.0019801984808693936
