,topic,prob
0,0,0.0019801983732095855
1,1,0.0019801983515435827
2,2,0.0019801983303691147
3,3,0.992079206730915
4,4,0.0019801982139627857
