,topic,prob
0,0,0.0019801999276750928
1,1,0.0019811242493515
2,2,0.0019802008155135964
3,3,0.0019924623676143595
4,4,0.9920660126398454
