,topic,prob
0,0,0.0019801983000591276
1,1,0.001980198555494436
2,2,0.001980198463715303
3,3,0.9920792063876724
4,4,0.001980198293058725
