,topic,prob
0,0,0.0019805765225639213
1,1,0.001980198199102302
2,2,0.0019801983772667745
3,3,0.9920493530402206
4,4,0.002009673860846358
