,topic,prob
0,0,0.8092560938040236
1,1,0.001980198278618595
2,2,0.001980198606076278
3,3,0.0019802201056705123
4,4,0.184803289205611
