,topic,prob
0,0,0.9919892284238274
1,1,0.0019802031151462283
2,2,0.001980206549857143
3,3,0.0019802056613127178
4,4,0.002070156249856528
