,topic,prob
0,0,0.0019801998723253463
1,1,0.001980992270499882
2,2,0.001980201944581457
3,3,0.992074489123452
4,4,0.001984116789141345
