,topic,prob
0,0,0.04719774871649489
1,1,0.21721056949149314
2,2,0.7316311359473645
3,3,0.0019803428116396287
4,4,0.0019802030330078905
