,topic,prob
0,0,0.9920481794520888
1,1,0.0019802178026137977
2,2,0.001980282010054707
3,3,0.0019801983074220035
4,4,0.0020111224278207026
