,topic,prob
0,0,0.05152091971100606
1,1,0.9425384318327011
2,2,0.00198022283252006
3,3,0.001980226913102385
4,4,0.0019801987106704004
