,topic,prob
0,0,0.595182017488424
1,1,0.001980198254797845
2,2,0.0019802141464604246
3,3,0.398877371834802
4,4,0.0019801982755155933
