,topic,prob
0,0,0.002048491124435613
1,1,0.1607381429195757
2,2,0.5497624230341883
3,3,0.011533176968962819
4,4,0.27591776595283757
