,topic,prob
0,0,0.992079119017847
1,1,0.0019802425157516013
2,2,0.0019802414600309046
3,3,0.001980198591388107
4,4,0.001980198414982431
