,topic,prob
0,0,0.9224898676695473
1,1,0.0019802000817594157
2,2,0.001980260420299082
3,3,0.0715694730993925
4,4,0.0019801987290016094
