,topic,prob
0,0,0.37193358860656395
1,1,0.0019801984512376612
2,2,0.17763046726430354
3,3,0.44647554322768357
4,4,0.0019802024502111144
