,topic,prob
0,0,0.0019801993726161473
1,1,0.0019801982820524043
2,2,0.3216403091680256
3,3,0.6724190947198376
4,4,0.001980198457468244
