,topic,prob
0,0,0.40626162929578186
1,1,0.0020221018564525323
2,2,0.5877558481718699
3,3,0.001980219180304795
4,4,0.0019802014955908245
