,topic,prob
0,0,0.001980198322538095
1,1,0.002014388589426225
2,2,0.00198019895077093
3,3,0.48608253391289125
4,4,0.5079426802243735
