,topic,prob
0,0,0.001980198066271823
1,1,0.9920792077018792
2,2,0.0019801980873702767
3,3,0.0019801980796825117
4,4,0.0019801980647962177
