,topic,prob
0,0,0.8804706801345007
1,1,0.0019801982622439755
2,2,0.001981252065628736
3,3,0.0019801983864569865
4,4,0.11358767115116958
