,topic,prob
0,0,0.00198460961191567
1,1,0.3287043318028229
2,2,0.001980198693028199
3,3,0.0019801985519271926
4,4,0.6653506613403062
