,topic,prob
0,0,0.3007781135100925
1,1,0.0020063415996990366
2,2,0.673171325849155
3,3,0.022063830150421234
4,4,0.001980388890632247
