,topic,prob
0,0,0.45371314296484705
1,1,0.00198019931484339
2,2,0.5403462580502472
3,3,0.0019802002944680226
4,4,0.0019801993755942508
