,topic,prob
0,0,0.5091510214134456
1,1,0.00198019835318904
2,2,0.0019801987074618273
3,3,0.0019801985325496384
4,4,0.4849083829933539
