,topic,prob
0,0,0.5762118870252618
1,1,0.0019801983146942106
2,2,0.001980198452060339
3,3,0.41784468748677184
4,4,0.0019830287212117582
