,topic,prob
0,0,0.14768831897640755
1,1,0.001980236258120428
2,2,0.8463710481338663
3,3,0.0019801984117051277
4,4,0.001980198219900488
