,topic,prob
0,0,0.0019802388813775166
1,1,0.0019802025167294495
2,2,0.9920791619648854
3,3,0.0019801982218034227
4,4,0.001980198415204065
