,topic,prob
0,0,0.0019802029791534835
1,1,0.001980199268298232
2,2,0.0019801983084957947
3,3,0.0019801982387519694
4,4,0.9920792012053006
