,topic,prob
0,0,0.001980198996534943
1,1,0.001980216275660307
2,2,0.07214883185474551
3,3,0.001980199336468968
4,4,0.9219105535365903
