,topic,prob
0,0,0.001980200651350534
1,1,0.0019803147461669706
2,2,0.0019801986436054106
3,3,0.0019818837170592187
4,4,0.9920774022418178
