,topic,prob
0,0,0.0019802135733186493
1,1,0.001980198971328648
2,2,0.477205418477357
3,3,0.16061026683549878
4,4,0.3582239021424969
