,topic,prob
0,0,0.001980198765134651
1,1,0.001980198254300775
2,2,0.6448452195346078
3,3,0.34921415557804797
4,4,0.001980227867908708
