,topic,prob
0,0,0.3066658419251959
1,1,0.001980198426634061
2,2,0.0019802129618472137
3,3,0.5232581088339132
4,4,0.16611563785240974
