,topic,prob
0,0,0.0019801980599955396
1,1,0.9920792077444386
2,2,0.001980198069470573
3,3,0.0019801980640021346
4,4,0.0019801980620930914
