,topic,prob
0,0,0.9920790696695939
1,1,0.001980198350269551
2,2,0.001980335695100918
3,3,0.001980198144101077
4,4,0.001980198140934458
