,topic,prob
0,0,0.9920746853379304
1,1,0.0019801981872399482
2,2,0.001980216062908292
3,3,0.001984702209061615
4,4,0.001980198202859846
