,topic,prob
0,0,0.9920677180338013
1,1,0.001980198379164152
2,2,0.001980198670896143
3,3,0.0019821314965623336
4,4,0.0019897534195761827
