,topic,prob
0,0,0.0019801985888382874
1,1,0.9773729109467081
2,2,0.0019801989301451465
3,3,0.016686492961917983
4,4,0.0019801985723905454
