,topic,prob
0,0,0.0019801998054136067
1,1,0.7150967404744006
2,2,0.0019801981310603027
3,3,0.001980198151338224
4,4,0.27896266343778714
