,topic,prob
0,0,0.0019802247887300006
1,1,0.9920791751989072
2,2,0.0019802034286104265
3,3,0.001980198339630912
4,4,0.001980198244121402
