,topic,prob
0,0,0.001980253046054583
1,1,0.0019801987770401396
2,2,0.7743671468832638
3,3,0.0019807574364091307
4,4,0.2196916438572324
