,topic,prob
0,0,0.3066452550924615
1,1,0.001980241946874035
2,2,0.6874141063932799
3,3,0.001980198393763313
4,4,0.001980198173621131
