,topic,prob
0,0,0.3629200565931538
1,1,0.001980198362569534
2,2,0.0019802163260918305
3,3,0.63113933040417
4,4,0.001980198314014791
