,topic,prob
0,0,0.00198019814742877
1,1,0.0019801981385448703
2,2,0.0019801997973331836
3,3,0.9920792057646765
4,4,0.0019801981520167814
