,topic,prob
0,0,0.0019878279804799027
1,1,0.0019802100763980997
2,2,0.0019801981736635626
3,3,0.0019801981764104304
4,4,0.9920715655930481
