,topic,prob
0,0,0.0019802023382588605
1,1,0.001980339940858257
2,2,0.9920790600499063
3,3,0.0019801989260998395
4,4,0.0019801987448767587
