,topic,prob
0,0,0.9920792072264416
1,1,0.0019801983842351605
2,2,0.001980198150873155
3,3,0.0019801981355274598
4,4,0.001980198102922685
