,topic,prob
0,0,0.0019801983227215754
1,1,0.002016112449961234
2,2,0.0019801989518183683
3,3,0.5855243573372544
4,4,0.40849913293824436
