,topic,prob
0,0,0.0019801983461602032
1,1,0.9920568384120078
2,2,0.0019801985258628926
3,3,0.00200256638119473
4,4,0.0019801983347743765
