,topic,prob
0,0,0.0019801999582019555
1,1,0.001980198110807094
2,2,0.001980198173669814
3,3,0.9920792056445862
4,4,0.001980198112734988
