,topic,prob
0,0,0.0019801981776223386
1,1,0.001985335660451755
2,2,0.001980246614827268
3,3,0.9920740213611736
4,4,0.001980198185924961
