,topic,prob
0,0,0.9920790402869928
1,1,0.0019801981249574488
2,2,0.001980365180441937
3,3,0.001980198299354353
4,4,0.0019801981082536507
