,topic,prob
0,0,0.0019801983454787123
1,1,0.001980259964381721
2,2,0.0019801984976647647
3,3,0.9920791449154125
4,4,0.0019801982770622957
