,topic,prob
0,0,0.001980542550587025
1,1,0.001980201157709702
2,2,0.6439088540339077
3,3,0.001980199743617244
4,4,0.3501502025141783
