,topic,prob
0,0,0.0019802015796021454
1,1,0.001980288341924265
2,2,0.0019802006479233635
3,3,0.019673084129604255
4,4,0.974386225300946
