,topic,prob
0,0,0.7914142538821654
1,1,0.0019801982827688377
2,2,0.001980198485253451
3,3,0.0019802156621129934
4,4,0.20264513368769946
