,topic,prob
0,0,0.9920791900427613
1,1,0.001980198108906035
2,2,0.001980198168084671
3,3,0.00198019815346247
4,4,0.0019802155267855713
