,topic,prob
0,0,0.001980198196555052
1,1,0.9920774615903166
2,2,0.0019811116010263743
3,3,0.0019802020668837485
4,4,0.001981026545218127
