,topic,prob
0,0,0.001980208906591555
1,1,0.0019802319076697187
2,2,0.9920791628812055
3,3,0.0019801981392147294
4,4,0.0019801981653184923
