,topic,prob
0,0,0.001981048772576525
1,1,0.0019801981824161866
2,2,0.0019804119972873777
3,3,0.0019801982680168976
4,4,0.992078142779703
