,topic,prob
0,0,0.001980198721158449
1,1,0.001980279668213877
2,2,0.0019801986201063836
3,3,0.7940614957543014
4,4,0.19999782723621995
