,topic,prob
0,0,0.0019801982232086324
1,1,0.00198095585834544
2,2,0.0019801983335293134
3,3,0.9920784493696168
4,4,0.001980198215299907
