,topic,prob
0,0,0.0019801984854046547
1,1,0.0019801984364647353
2,2,0.9920791558225704
3,3,0.0019801988774379472
4,4,0.0019802483781221885
