,topic,prob
0,0,0.0019801981910785903
1,1,0.0019892701422608854
2,2,0.0019802001874613478
3,3,0.9920701332819417
4,4,0.001980198197257407
