,topic,prob
0,0,0.5920078418447745
1,1,0.001980201328603686
2,2,0.001980198809339253
3,3,0.3378974897245364
4,4,0.06613426829274613
