,topic,prob
0,0,0.00198021116891295
1,1,0.0019801984627894204
2,2,0.31548254419192195
3,3,0.361704071914814
4,4,0.31885297426156156
