,topic,prob
0,0,0.8908490480446454
1,1,0.001980198242616768
2,2,0.10321035655736652
3,3,0.0019801983515748897
4,4,0.0019801988037964433
