,topic,prob
0,0,0.0019801980560146468
1,1,0.9920792077714145
2,2,0.001980198058128414
3,3,0.0019801980540643943
4,4,0.001980198060378043
