,topic,prob
0,0,0.001980215900959868
1,1,0.001980198215651604
2,2,0.0019801982207667025
3,3,0.9920791895181201
4,4,0.001980198144501686
