,topic,prob
0,0,0.08698512766101402
1,1,0.0019801982238063878
2,2,0.001980198358262229
3,3,0.001980198332384561
4,4,0.9070742774245328
