,topic,prob
0,0,0.20548823211330783
1,1,0.0019802000956449335
2,2,0.0019801984146545887
3,3,0.7885711706341693
4,4,0.0019801987422233534
