,topic,prob
0,0,0.001980199294363445
1,1,0.5107597414666913
2,2,0.4832996608467729
3,3,0.001980199402061035
4,4,0.001980198990111181
