,topic,prob
0,0,0.001980198268744783
1,1,0.9920188884833703
2,2,0.0019806312204772754
3,3,0.001980255792386085
4,4,0.0020400262350215525
