,topic,prob
0,0,0.001980441452548797
1,1,0.001980198373193271
2,2,0.0019809037978579737
3,3,0.0019816696418121322
4,4,0.9920767867345878
