,topic,prob
0,0,0.0019801991286021135
1,1,0.0020193394679166596
2,2,0.002026534307691453
3,3,0.9919937280031829
4,4,0.001980199092606941
