,topic,prob
0,0,0.4655953296912446
1,1,0.0019802420001546906
2,2,0.5284640317422309
3,3,0.0019801983929571953
4,4,0.0019801981734124995
