,topic,prob
0,0,0.001980198433412262
1,1,0.8811265963024808
2,2,0.11291052633788476
3,3,0.0019803011435496924
4,4,0.002002377782672664
