,topic,prob
0,0,0.8464745810714778
1,1,0.001980198288482043
2,2,0.001980198620973991
3,3,0.001980222020311456
4,4,0.1475847999987548
