,topic,prob
0,0,0.0019801983362995293
1,1,0.48597459846978247
2,2,0.5080848026322154
3,3,0.001980198286251292
4,4,0.001980202275451239
