,topic,prob
0,0,0.20522561495637553
1,1,0.0019801984489247327
2,2,0.0019804725943750206
3,3,0.001980198619864814
4,4,0.7888335153804599
