,topic,prob
0,0,0.001980259385703645
1,1,0.0019803264558240627
2,2,0.9920790173584568
3,3,0.001980198328964364
4,4,0.0019801984710511355
