,topic,prob
0,0,0.0019802028080336794
1,1,0.0019801981047742226
2,2,0.0019801981652064044
3,3,0.001980319759547873
4,4,0.9920790811624378
