,topic,prob
0,0,0.0019802101185531808
1,1,0.0019801983008326507
2,2,0.7641216961934477
3,3,0.0019801995883834377
4,4,0.22993769579878298
