,topic,prob
0,0,0.001980198247961351
1,1,0.9920302223892848
2,2,0.001980756426827843
3,3,0.001980245571964058
4,4,0.0020285773639620083
