,topic,prob
0,0,0.8138611820684436
1,1,0.0019801990727150096
2,2,0.0019805676358969288
3,3,0.1801978520819536
4,4,0.001980199140990877
