,topic,prob
0,0,0.0019801981570669266
1,1,0.00198019814656301
2,2,0.0019801989683984377
3,3,0.9920792065739542
4,4,0.0019801981540173257
