,topic,prob
0,0,0.0019802001134644038
1,1,0.0019819162300644118
2,2,0.0019802044992116973
3,3,0.12688511850999687
4,4,0.8671725606472626
