,topic,prob
0,0,0.859958570849357
1,1,0.001980198910719955
2,2,0.011194805253892739
3,3,0.001981758525248842
4,4,0.12488466646078142
