,topic,prob
0,0,0.0019801985271902605
1,1,0.05432461681547706
2,2,0.001980199150280767
3,3,0.9397347869947449
4,4,0.001980198512307048
