,topic,prob
0,0,0.0019801980639780896
1,1,0.9920792077174373
2,2,0.0019801980808261395
3,3,0.001980198073950177
4,4,0.0019801980638084493
