,topic,prob
0,0,0.0019801982955339596
1,1,0.0019802718381611373
2,2,0.9920791331861023
3,3,0.001980198395591862
4,4,0.0019801982846107033
