,topic,prob
0,0,0.0019801993775671934
1,1,0.0019801982819073437
2,2,0.19101277992689525
3,3,0.8030466239612153
4,4,0.001980198452414861
