,topic,prob
0,0,0.0019801984755311542
1,1,0.0019801992166850716
2,2,0.0019801988448320206
3,3,0.0019812894155732982
4,4,0.9920781140473786
