,topic,prob
0,0,0.0019801980557734335
1,1,0.9920792077730485
2,2,0.001980198057441441
3,3,0.0019801980534624383
4,4,0.0019801980602741106
