,topic,prob
0,0,0.0019856195743676286
1,1,0.0019802070078090124
2,2,0.0019801981882465575
3,3,0.001980198185073812
4,4,0.992073777044503
