,topic,prob
0,0,0.001980198412659072
1,1,0.7615276086000776
2,2,0.23253177532790592
3,3,0.001980203339747162
4,4,0.001980214319610022
