,topic,prob
0,0,0.001980198442101631
1,1,0.022453702876956524
2,2,0.001981018728752418
3,3,0.22793346176299345
4,4,0.7456516181891959
