,topic,prob
0,0,0.001980199100992669
1,1,0.0019801982674631955
2,2,0.2833422855055952
3,3,0.7107171055302473
4,4,0.0019802115957016564
