,topic,prob
0,0,0.5561987938635999
1,1,0.43786049372100355
2,2,0.0019803150230796322
3,3,0.0019801982512812366
4,4,0.0019801991410356595
