,topic,prob
0,0,0.0019802331942530053
1,1,0.001980198445483424
2,2,0.9920791708385254
3,3,0.0019801983659158673
4,4,0.0019801991558223565
