,topic,prob
0,0,0.08409360120668535
1,1,0.001980198548716242
2,2,0.0019801988733344693
3,3,0.9099557311901598
4,4,0.0019902701811040655
