,topic,prob
0,0,0.8395909310579227
1,1,0.0019801982782331165
2,2,0.001980198605413626
3,3,0.0019802135520652197
4,4,0.15446845850636529
