,topic,prob
0,0,0.001980199797034115
1,1,0.4872942347461385
2,2,0.001980198130778232
3,3,0.001980198150931285
4,4,0.5067651691751178
