,topic,prob
0,0,0.1996193185647881
1,1,0.0019802013544608873
2,2,0.001980198796535882
3,3,0.3784065148117985
4,4,0.41801376647241656
