,topic,prob
0,0,0.3683129337911024
1,1,0.0019801986684610026
2,2,0.0019802018624920765
3,3,0.0019801990381354403
4,4,0.625746466639809
