,topic,prob
0,0,0.001980198390060635
1,1,0.9920684589659019
2,2,0.0019801985933477475
3,3,0.0019909456718056953
4,4,0.0019801983788840416
