,topic,prob
0,0,0.002011925410528251
1,1,0.0019801982971107304
2,2,0.0019802085393538092
3,3,0.9920474695137248
4,4,0.001980198239282427
