,topic,prob
0,0,0.0019804754982718385
1,1,0.001980210705443491
2,2,0.0019801990488524015
3,3,0.29995354026495236
4,4,0.69410557448248
