,topic,prob
0,0,0.001980199510605538
1,1,0.0019802120975053613
2,2,0.001980198118771426
3,3,0.0019801981346214627
4,4,0.9920791921384963
