,topic,prob
0,0,0.0019801982769374563
1,1,0.9920792066617904
2,2,0.001980198427206728
3,3,0.001980198369054529
4,4,0.001980198265010995
