,topic,prob
0,0,0.001980198155379532
1,1,0.9920764339160799
2,2,0.001981320369124287
3,3,0.001980200052603819
4,4,0.0019818475068124897
