,topic,prob
0,0,0.0019802005544725387
1,1,0.0019832120518799576
2,2,0.001980207635083554
3,3,0.5519954200498104
4,4,0.44206095970875364
