,topic,prob
0,0,0.001980198236220305
1,1,0.9920792069868501
2,2,0.001980198325330179
3,3,0.001980198261871837
4,4,0.0019801981897275144
