,topic,prob
0,0,0.001980198776105283
1,1,0.0019801988247555614
2,2,0.001980206001126466
3,3,0.9920791969484138
4,4,0.0019801994495987937
