,topic,prob
0,0,0.9623888032155128
1,1,0.0019801989095394783
2,2,0.031670573218116
3,3,0.0019802257182070402
4,4,0.001980198938624765
