,topic,prob
0,0,0.9920786274270063
1,1,0.0019801982041582756
2,2,0.0019801981601620376
3,3,0.0019807771496079133
4,4,0.001980199059065393
