,topic,prob
0,0,0.0019802092316905644
1,1,0.0019801982294886974
2,2,0.0019801982398682
3,3,0.9920791961431374
4,4,0.001980198155815067
