,topic,prob
0,0,0.0019803567350323566
1,1,0.001980198111478573
2,2,0.001980198198458606
3,3,0.0019801981608976193
4,4,0.9920790487941328
