,topic,prob
0,0,0.8595961920524218
1,1,0.001980198330499576
2,2,0.13446314247378172
3,3,0.001980236897105479
4,4,0.0019802302461915133
