,topic,prob
0,0,0.001980198142958743
1,1,0.9920792073327016
2,2,0.001980198205521081
3,3,0.001980198183282152
4,4,0.001980198135536301
