,topic,prob
0,0,0.0019801997985094454
1,1,0.48729422835113073
2,2,0.001980198134979166
3,3,0.001980198154613875
4,4,0.5067651755607668
