,topic,prob
0,0,0.001980199511411027
1,1,0.0019804500949758357
2,2,0.001980198974413824
3,3,0.001983686724658034
4,4,0.9920754646945412
