,topic,prob
0,0,0.9920747530726269
1,1,0.001980198228735411
2,2,0.0019801983927595613
3,3,0.001980945015314634
4,4,0.0019839052905635548
