,topic,prob
0,0,0.9920791921940829
1,1,0.0019801984750451567
2,2,0.001980201746310873
3,3,0.0019802091936755857
4,4,0.0019801983908854636
