,topic,prob
0,0,0.9920788908365803
1,1,0.0019801981482464215
2,2,0.0019804999707576866
3,3,0.001980198214605958
4,4,0.001980212829809573
