,topic,prob
0,0,0.08976380893371426
1,1,0.24917168194283745
2,2,0.39481116752472145
3,3,0.04065185043517665
4,4,0.2256014911635503
