,topic,prob
0,0,0.0383735553958031
1,1,0.001980200512973421
2,2,0.9556858380378012
3,3,0.001980198875606463
4,4,0.001980207177815881
