,topic,prob
0,0,0.0020118966361301386
1,1,0.0019801982251925884
2,2,0.001980208511268769
3,3,0.9920474984080553
4,4,0.0019801982193532134
