,topic,prob
0,0,0.9626974323229059
1,1,0.001980198377971875
2,2,0.0019801984956495902
3,3,0.03136089132607966
4,4,0.0019812794773929727
