,topic,prob
0,0,0.0019802025879690466
1,1,0.0019802343248627678
2,2,0.0019802000745935233
3,3,0.0020370124071124626
4,4,0.9920223506054622
