,topic,prob
0,0,0.32551729388499523
1,1,0.0019802043839131527
2,2,0.03140020170180457
3,3,0.6389919738094318
4,4,0.002110326219855271
