,topic,prob
0,0,0.3803485262066954
1,1,0.0019801983744151632
2,2,0.6137108134640228
3,3,0.0019802603948314342
4,4,0.001980201560035356
