,topic,prob
0,0,0.001980200296452527
1,1,0.0019801982454977283
2,2,0.0019801999343934964
3,3,0.9920786760651831
4,4,0.0019807254584731145
