,topic,prob
0,0,0.20821577603184283
1,1,0.001980198568726033
2,2,0.25059841135722843
3,3,0.0019805171846669105
4,4,0.5372250968575358
