,topic,prob
0,0,0.001980200647541414
1,1,0.0019806273917520826
2,2,0.00198020116421163
3,3,0.4970448792554813
4,4,0.49701409154101356
