,topic,prob
0,0,0.0019802320258432756
1,1,0.001980210268205091
2,2,0.9920791611696155
3,3,0.001980198196886515
4,4,0.001980198339449534
