,topic,prob
0,0,0.0019802004109605916
1,1,0.0019802337796475796
2,2,0.0019801982651138084
3,3,0.001980204064712682
4,4,0.9920791634795654
