,topic,prob
0,0,0.001980198323235763
1,1,0.0020142481337840803
2,2,0.0019801989504258516
3,3,0.17779186694050853
4,4,0.8162334876520457
