,topic,prob
0,0,0.001980198570503874
1,1,0.16061963290018014
2,2,0.8334397713891054
3,3,0.0019801986660209886
4,4,0.001980198474189555
