,topic,prob
0,0,0.7019820715414289
1,1,0.13077487335855723
2,2,0.0019802922130939533
3,3,0.001980198396082332
4,4,0.16328256449083747
