,topic,prob
0,0,0.625543914484275
1,1,0.36851537311840843
2,2,0.00198031500559939
3,3,0.0019801982512636807
4,4,0.0019801991404535778
