,topic,prob
0,0,0.0019801997151137375
1,1,0.001980214649874903
2,2,0.0019801980972095597
3,3,0.0019801981199002176
4,4,0.9920791894179016
