,topic,prob
0,0,0.4473946616721465
1,1,0.2596330242858318
2,2,0.0019803151724215673
3,3,0.001980198349643682
4,4,0.2890118005199564
