,topic,prob
0,0,0.15365957362826707
1,1,0.7031469349704328
2,2,0.0019801988150777144
3,3,0.0019801986603215633
4,4,0.13923309392590066
