,topic,prob
0,0,0.0019801983514772573
1,1,0.001980198303125313
2,2,0.0019801988057882186
3,3,0.9920792062174801
4,4,0.0019801983221290954
