,topic,prob
0,0,0.0019801982687525366
1,1,0.7024020199953435
2,2,0.0019806336266557562
3,3,0.0019802557141691515
4,4,0.291656892395079
