,topic,prob
0,0,0.0019801981186956747
1,1,0.9920792074529975
2,2,0.0019801981658118923
3,3,0.0019801981484881817
4,4,0.0019801981140068208
