,topic,prob
0,0,0.001980525307405346
1,1,0.001980199373576727
2,2,0.0019802003290293286
3,3,0.0019802000795801794
4,4,0.9920788749104084
