,topic,prob
0,0,0.412997008348268
1,1,0.0019802012065744945
2,2,0.00198019841568814
3,3,0.5810623929896944
4,4,0.001980199039774915
