,topic,prob
0,0,0.0019802042169832458
1,1,0.0019801982421020926
2,2,0.289106859457027
3,3,0.7049525261284338
4,4,0.001980211955453791
