,topic,prob
0,0,0.0019801988608634264
1,1,0.20925356422264535
2,2,0.00198019960578461
3,3,0.0019802145888165703
4,4,0.78480582272189
