,topic,prob
0,0,0.0019801983930841736
1,1,0.001980198495104837
2,2,0.9920792062022734
3,3,0.001980198531168186
4,4,0.001980198378369388
