,topic,prob
0,0,0.0019801983836695443
1,1,0.7838273050944725
2,2,0.0019806174729322533
3,3,0.21016815433018962
4,4,0.002043724718735887
