,topic,prob
0,0,0.9920791413020827
1,1,0.001980198137959419
2,2,0.001980198226683285
3,3,0.0019802341641113955
4,4,0.0019802281691632087
