,topic,prob
0,0,0.900412330923898
1,1,0.0019801982781579223
2,2,0.0019801986060729
3,3,0.00198019841963995
4,4,0.09364707377223115
